year,demographic,category,vol_type,population_1000,count_1000,percentage
1988,total,total,any,5281.9,2592.6,35.2
1988,total,total,formal,5281.9,1369.5,17.8
1988,total,total,informal,5281.9,1925.1,25.9
1988,total,total,both_formal_informal,5281.9,707.3,19.1
1988,total,total,formal_only,5281.9,680.2,17.7
1988,total,total,informal_only,5281.9,1232.8,32.8
1988,gender,men,any,2538.4,1334.3,37.0
1988,gender,men,formal,2538.4,792.3,21.3
1988,gender,men,informal,2538.4,961.1,26.7
1988,gender,men,both_formal_informal,2538.4,391.9,20.9
1988,gender,men,formal_only,2538.4,397.7,19.7
1988,gender,men,informal_only,2538.4,564.9,28.9
1988,gender,women,any,2716.5,1269.5,32.6
1988,gender,women,formal,2716.5,573.1,15.1
1988,gender,women,informal,2716.5,967.6,24.9
1988,gender,women,both_formal_informal,2716.5,291.9,16.4
1988,gender,women,formal_only,2716.5,269.5,15.3
1988,gender,women,informal_only,2716.5,698.7,37.2
1988,age,30–39,any,904.4,469.4,35.8
1988,age,30–39,formal,904.4,229.3,18.0
1988,age,30–39,informal,904.4,355.1,27.2
1988,age,30–39,both_formal_informal,904.4,107.1,16.9
1988,age,30–39,formal_only,904.4,118.7,17.9
1988,age,30–39,informal_only,904.4,230.3,34.9
1988,age,40–49,any,858.8,442.1,37.9
1988,age,40–49,formal,858.8,246.7,20.6
1988,age,40–49,informal,858.8,336.1,28.6
1988,age,40–49,both_formal_informal,858.8,138.0,21.1
1988,age,40–49,formal_only,858.8,112.6,17.2
1988,age,40–49,informal_only,858.8,200.4,31.5
1988,age,50–59,any,958.7,535.1,38.5
1988,age,50–59,formal,958.7,278.5,20.1
1988,age,50–59,informal,958.7,404.4,29.6
1988,age,50–59,both_formal_informal,958.7,151.0,19.8
1988,age,50–59,formal_only,958.7,128.7,17.4
1988,age,50–59,informal_only,958.7,253.4,33.2
1988,age,60–69,any,769.0,400.0,35.7
1988,age,60–69,formal,769.0,189.1,17.6
1988,age,60–69,informal,769.0,312.8,28.3
1988,age,60–69,both_formal_informal,769.0,109.1,19.0
1988,age,60–69,formal_only,769.0,81.8,14.8
1988,age,60–69,informal_only,769.0,205.0,36.7
1988,age,70–79,any,481.8,197.0,29.3
1988,age,70–79,formal,481.8,114.0,16.0
1988,age,70–79,informal,481.8,149.7,21.3
1988,age,70–79,both_formal_informal,481.8,58.0,20.5
1988,age,70–79,formal_only,481.8,56.3,18.9
1988,age,70–79,informal_only,481.8,88.7,29.6
1988,age,>80,any,348.8,87.4,17.2
1988,age,>80,formal,348.8,42.3,9.0
1988,age,>80,informal,348.8,58.1,12.6
1988,age,>80,both_formal_informal,348.8,16.4,13.5
1988,age,>80,formal_only,348.8,26.9,21.4
1988,age,>80,informal_only,348.8,43.4,34.8
1988,age,<30,any,977.6,493.8,35.5
1988,age,<30,formal,977.6,259.5,18.8
1988,age,<30,informal,977.6,335.9,23.4
1988,age,<30,both_formal_informal,977.6,113.9,16.5
1988,age,<30,formal_only,977.6,149.6,20.7
1988,age,<30,informal_only,977.6,227.6,32.2
1988,education,(max.) Compulsory education,any,1126.4,353.1,22.0
1988,education,(max.) Compulsory education,formal,1126.4,156.1,9.5
1988,education,(max.) Compulsory education,informal,1126.4,260.7,16.9
1988,education,(max.) Compulsory education,both_formal_informal,1126.4,67.9,13.3
1988,education,(max.) Compulsory education,formal_only,1126.4,87.8,17.3
1988,education,(max.) Compulsory education,informal_only,1126.4,194.3,38.7
1988,education,matura,any,879.8,516.2,40.3
1988,education,matura,formal,879.8,271.5,21.4
1988,education,matura,informal,879.8,363.9,29.0
1988,education,matura,both_formal_informal,879.8,139.7,19.3
1988,education,matura,formal_only,879.8,130.3,18.3
1988,education,matura,informal_only,879.8,226.0,31.7
1988,education,"teaching, BMS",any,2396.8,1198.1,34.2
1988,education,"teaching, BMS",formal,2396.8,616.3,17.7
1988,education,"teaching, BMS",informal,2396.8,883.7,26.1
1988,education,"teaching, BMS",both_formal_informal,2396.8,304.3,18.0
1988,education,"teaching, BMS",formal_only,2396.8,305.3,17.9
1988,education,"teaching, BMS",informal_only,2396.8,564.5,35.0
1988,education,university,any,853.7,564.1,46.2
1988,education,university,formal,853.7,338.3,26.9
1988,education,university,informal,853.7,431.6,33.6
1988,education,university,both_formal_informal,853.7,179.1,21.7
1988,education,university,formal_only,853.7,153.3,18.6
1988,education,university,informal_only,853.7,247.9,29.4
1988,citizenship,Austria,any,4392.0,2278.4,35.9
1988,citizenship,Austria,formal,4392.0,1252.4,19.5
1988,citizenship,Austria,informal,4392.0,1706.4,27.1
1988,citizenship,Austria,both_formal_informal,4392.0,632.1,19.1
1988,citizenship,Austria,formal_only,4392.0,598.6,18.6
1988,citizenship,Austria,informal_only,4392.0,1029.6,31.8
1988,citizenship,not Austria,any,874.8,319.5,25.1
1988,citizenship,not Austria,formal,874.8,132.3,10.6
1988,citizenship,not Austria,informal,874.8,251.1,19.9
1988,citizenship,not Austria,both_formal_informal,874.8,70.8,15.3
1988,citizenship,not Austria,formal_only,874.8,63.7,14.3
1988,citizenship,not Austria,informal_only,874.8,182.1,41.8
1988,birth_country,Austria,any,4176.4,2128.1,37.0
1988,birth_country,Austria,formal,4176.4,1162.1,20.7
1988,birth_country,Austria,informal,4176.4,1617.0,27.3
1988,birth_country,Austria,both_formal_informal,4176.4,613.0,19.3
1988,birth_country,Austria,formal_only,4176.4,570.2,18.9
1988,birth_country,Austria,informal_only,4176.4,993.2,31.5
1988,birth_country,not Austria,any,1147.8,429.4,25.4
1988,birth_country,not Austria,formal,1147.8,178.5,10.8
1988,birth_country,not Austria,informal,1147.8,340.2,20.8
1988,birth_country,not Austria,both_formal_informal,1147.8,89.0,15.3
1988,birth_country,not Austria,formal_only,1147.8,86.0,14.4
1988,birth_country,not Austria,informal_only,1147.8,249.4,39.5
1988,migration,1. Generation,any,1104.1,375.2,25.4
1988,migration,1. Generation,formal,1104.1,160.8,10.4
1988,migration,1. Generation,informal,1104.1,309.4,19.8
1988,migration,1. Generation,both_formal_informal,1104.1,78.2,14.2
1988,migration,1. Generation,formal_only,1104.1,79.0,14.3
1988,migration,1. Generation,informal_only,1104.1,224.6,40.4
1988,migration,2. Generation,any,230.0,83.0,25.8
1988,migration,2. Generation,formal,230.0,29.2,8.7
1988,migration,2. Generation,informal,230.0,65.7,20.6
1988,migration,2. Generation,both_formal_informal,230.0,11.7,9.7
1988,migration,2. Generation,formal_only,230.0,17.5,14.1
1988,migration,2. Generation,informal_only,230.0,55.6,45.5
1988,migration,no migration background,any,3994.3,2198.5,37.8
1988,migration,no migration background,formal,3994.3,1161.3,21.1
1988,migration,no migration background,informal,3994.3,1524.1,28.2
1988,migration,no migration background,both_formal_informal,3994.3,598.8,19.6
1988,migration,no migration background,formal_only,3994.3,581.0,18.7
1988,migration,no migration background,informal_only,3994.3,979.6,31.4
1988,employment,employed,any,2688.8,1459.8,38.8
1988,employment,employed,formal,2688.8,839.0,20.8
1988,employment,employed,informal,2688.8,1064.8,27.3
1988,employment,employed,both_formal_informal,2688.8,420.0,19.7
1988,employment,employed,formal_only,2688.8,396.2,19.1
1988,employment,employed,informal_only,2688.8,681.9,30.9
1988,employment,household leader,any,288.1,137.8,34.2
1988,employment,household leader,formal,288.1,63.6,15.6
1988,employment,household leader,informal,288.1,103.0,25.8
1988,employment,household leader,both_formal_informal,288.1,30.1,14.6
1988,employment,household leader,formal_only,288.1,35.1,17.5
1988,employment,household leader,informal_only,288.1,74.2,37.7
1988,employment,in training,any,415.6,210.7,37.3
1988,employment,in training,formal,415.6,117.7,19.4
1988,employment,in training,informal,415.6,146.1,25.1
1988,employment,in training,both_formal_informal,415.6,47.9,15.8
1988,employment,in training,formal_only,415.6,68.6,22.4
1988,employment,in training,informal_only,415.6,100.4,33.2
1988,employment,miscellaneous,any,193.3,88.7,31.4
1988,employment,miscellaneous,formal,193.3,43.5,15.6
1988,employment,miscellaneous,informal,193.3,74.0,26.9
1988,employment,miscellaneous,both_formal_informal,193.3,32.0,27.3
1988,employment,miscellaneous,formal_only,193.3,12.0,9.3
1988,employment,miscellaneous,informal_only,193.3,41.4,33.4
1988,employment,retired,any,1467.5,575.4,28.9
1988,employment,retired,formal,1467.5,290.1,14.1
1988,employment,retired,informal,1467.5,446.3,21.6
1988,employment,retired,both_formal_informal,1467.5,157.1,18.4
1988,employment,retired,formal_only,1467.5,137.1,16.6
1988,employment,retired,informal_only,1467.5,297.3,34.1
1988,employment,unemployed,any,218.4,85.0,26.3
1988,employment,unemployed,formal,218.4,22.2,7.2
1988,employment,unemployed,informal,218.4,70.5,23.4
1988,employment,unemployed,both_formal_informal,218.4,11.9,10.4
1988,employment,unemployed,formal_only,218.4,10.8,9.4
1988,employment,unemployed,informal_only,218.4,58.5,49.5
1988,occupation,auxiliary work,any,172.6,57.2,23.0
1988,occupation,auxiliary work,formal,172.6,24.7,9.4
1988,occupation,auxiliary work,informal,172.6,46.0,17.5
1988,occupation,auxiliary work,both_formal_informal,172.6,10.9,12.7
1988,occupation,auxiliary work,formal_only,172.6,13.6,16.4
1988,occupation,auxiliary work,informal_only,172.6,34.3,40.9
1988,occupation,higher job,any,570.7,355.5,43.2
1988,occupation,higher job,formal,570.7,194.8,23.7
1988,occupation,higher job,informal,570.7,259.4,30.6
1988,occupation,higher job,both_formal_informal,570.7,101.3,20.8
1988,occupation,higher job,formal_only,570.7,90.8,18.0
1988,occupation,higher job,informal_only,570.7,157.7,32.5
1988,occupation,highly qualified job,any,717.4,487.4,44.1
1988,occupation,highly qualified job,formal,717.4,291.5,27.1
1988,occupation,highly qualified job,informal,717.4,340.2,33.0
1988,occupation,highly qualified job,both_formal_informal,717.4,152.0,22.1
1988,occupation,highly qualified job,formal_only,717.4,139.2,19.7
1988,occupation,highly qualified job,informal_only,717.4,191.1,28.9
1988,occupation,middle job,any,1237.0,605.2,34.2
1988,occupation,middle job,formal,1237.0,309.1,18.3
1988,occupation,middle job,informal,1237.0,433.4,24.5
1988,occupation,middle job,both_formal_informal,1237.0,155.9,17.8
1988,occupation,middle job,formal_only,1237.0,157.9,19.4
1988,occupation,middle job,informal_only,1237.0,282.9,32.6
1988,region,Burgenland,any,177.9,84.7,33.4
1988,region,Burgenland,formal,177.9,43.4,17.1
1988,region,Burgenland,informal,177.9,59.2,23.5
1988,region,Burgenland,both_formal_informal,177.9,21.3,17.2
1988,region,Burgenland,formal_only,177.9,23.5,19.7
1988,region,Burgenland,informal_only,177.9,39.1,33.4
1988,region,Carinthia,any,341.3,169.3,35.1
1988,region,Carinthia,formal,341.3,84.3,17.4
1988,region,Carinthia,informal,341.3,128.4,26.7
1988,region,Carinthia,both_formal_informal,341.3,42.7,17.9
1988,region,Carinthia,formal_only,341.3,38.9,16.1
1988,region,Carinthia,informal_only,341.3,85.7,36.2
1988,region,Lower Austria,any,1032.8,513.3,37.1
1988,region,Lower Austria,formal,1032.8,281.2,19.7
1988,region,Lower Austria,informal,1032.8,371.6,26.4
1988,region,Lower Austria,both_formal_informal,1032.8,130.3,17.2
1988,region,Lower Austria,formal_only,1032.8,153.4,19.4
1988,region,Lower Austria,informal_only,1032.8,248.4,32.1
1988,region,Salzburg,any,334.1,172.6,38.3
1988,region,Salzburg,formal,334.1,100.0,21.1
1988,region,Salzburg,informal,334.1,124.1,26.6
1988,region,Salzburg,both_formal_informal,334.1,46.8,18.3
1988,region,Salzburg,formal_only,334.1,52.8,20.6
1988,region,Salzburg,informal_only,334.1,76.6,32.0
1988,region,Styria,any,745.5,363.9,33.5
1988,region,Styria,formal,745.5,191.1,18.1
1988,region,Styria,informal,745.5,262.9,25.1
1988,region,Styria,both_formal_informal,745.5,95.0,18.2
1988,region,Styria,formal_only,745.5,94.9,19.2
1988,region,Styria,informal_only,745.5,176.6,32.8
1988,region,Tyrol,any,439.2,246.3,39.0
1988,region,Tyrol,formal,439.2,144.7,22.6
1988,region,Tyrol,informal,439.2,176.2,27.3
1988,region,Tyrol,both_formal_informal,439.2,85.1,24.2
1988,region,Tyrol,formal_only,439.2,65.5,19.4
1988,region,Tyrol,informal_only,439.2,94.8,27.4
1988,region,Upper Austria,any,867.3,455.4,36.6
1988,region,Upper Austria,formal,867.3,267.8,21.8
1988,region,Upper Austria,informal,867.3,332.3,25.3
1988,region,Upper Austria,both_formal_informal,867.3,149.1,22.7
1988,region,Upper Austria,formal_only,867.3,123.0,19.5
1988,region,Upper Austria,informal_only,867.3,174.9,28.0
1988,region,Vienna,any,1103.7,480.3,28.6
1988,region,Vienna,formal,1103.7,177.1,11.0
1988,region,Vienna,informal,1103.7,388.6,24.2
1988,region,Vienna,both_formal_informal,1103.7,98.4,14.3
1988,region,Vienna,formal_only,1103.7,81.1,12.1
1988,region,Vienna,informal_only,1103.7,294.9,44.7
1988,region,Vorarlberg,any,229.1,124.9,37.1
1988,region,Vorarlberg,formal,229.1,71.1,21.4
1988,region,Vorarlberg,informal,229.1,87.3,26.8
1988,region,Vorarlberg,both_formal_informal,229.1,32.6,18.7
1988,region,Vorarlberg,formal_only,229.1,37.0,20.3
1988,region,Vorarlberg,informal_only,229.1,56.1,30.0
1988,municipality size classes,<= 10 000 inhabitants,any,1571.6,819.7,36.6
1988,municipality size classes,<= 10 000 inhabitants,formal,1571.6,452.0,20.1
1988,municipality size classes,<= 10 000 inhabitants,informal,1571.6,600.2,25.8
1988,municipality size classes,<= 10 000 inhabitants,both_formal_informal,1571.6,224.9,19.0
1988,municipality size classes,<= 10 000 inhabitants,formal_only,1571.6,222.9,18.9
1988,municipality size classes,<= 10 000 inhabitants,informal_only,1571.6,369.0,31.1
1988,municipality size classes,<= 100 000 inhabitants,any,886.1,434.3,35.2
1988,municipality size classes,<= 100 000 inhabitants,formal,886.1,202.1,16.1
1988,municipality size classes,<= 100 000 inhabitants,informal,886.1,321.1,25.5
1988,municipality size classes,<= 100 000 inhabitants,both_formal_informal,886.1,97.5,15.7
1988,municipality size classes,<= 100 000 inhabitants,formal_only,886.1,111.2,17.3
1988,municipality size classes,<= 100 000 inhabitants,informal_only,886.1,233.5,37.7
1988,municipality size classes,<= 2 500 inhabitants,any,1130.5,594.6,37.8
1988,municipality size classes,<= 2 500 inhabitants,formal,1130.5,396.1,24.0
1988,municipality size classes,<= 2 500 inhabitants,informal,1130.5,403.5,25.1
1988,municipality size classes,<= 2 500 inhabitants,both_formal_informal,1130.5,205.4,24.0
1988,municipality size classes,<= 2 500 inhabitants,formal_only,1130.5,194.0,22.3
1988,municipality size classes,<= 2 500 inhabitants,informal_only,1130.5,202.9,24.1
1988,municipality size classes,> 100 000 inhabitants,any,1669.5,748.5,30.4
1988,municipality size classes,> 100 000 inhabitants,formal,1669.5,299.0,13.0
1988,municipality size classes,> 100 000 inhabitants,informal,1669.5,584.1,24.9
1988,municipality size classes,> 100 000 inhabitants,both_formal_informal,1669.5,165.9,16.3
1988,municipality size classes,> 100 000 inhabitants,formal_only,1669.5,135.5,13.4
1988,municipality size classes,> 100 000 inhabitants,informal_only,1669.5,431.6,41.3
1988,household size,1 Person,any,1075.3,473.3,31.2
1988,household size,1 Person,formal,1075.3,216.4,14.3
1988,household size,1 Person,informal,1075.3,384.1,25.0
1988,household size,1 Person,both_formal_informal,1075.3,127.0,18.7
1988,household size,1 Person,formal_only,1075.3,98.5,13.7
1988,household size,1 Person,informal_only,1075.3,260.3,37.0
1988,household size,2 Personen,any,1855.6,898.3,34.7
1988,household size,2 Personen,formal,1855.6,440.7,16.1
1988,household size,2 Personen,informal,1855.6,707.6,25.4
1988,household size,2 Personen,both_formal_informal,1855.6,225.7,17.4
1988,household size,2 Personen,formal_only,1855.6,206.1,15.9
1988,household size,2 Personen,informal_only,1855.6,482.3,35.7
1988,household size,3 Personen,any,974.1,509.0,35.9
1988,household size,3 Personen,formal,974.1,247.4,17.9
1988,household size,3 Personen,informal,974.1,376.3,27.7
1988,household size,3 Personen,both_formal_informal,974.1,131.0,18.1
1988,household size,3 Personen,formal_only,974.1,122.2,17.2
1988,household size,3 Personen,informal_only,974.1,248.3,34.5
1988,household size,4 or more persons,any,1372.4,719.1,37.3
1988,household size,4 or more persons,formal,1372.4,446.3,23.2
1988,household size,4 or more persons,informal,1372.4,467.5,24.5
1988,household size,4 or more persons,both_formal_informal,1372.4,216.8,20.6
1988,household size,4 or more persons,formal_only,1372.4,245.5,23.9
1988,household size,4 or more persons,informal_only,1372.4,270.9,25.8
1988,single-person households,men,any,473.7,241.4,34.2
1988,single-person households,men,formal,473.7,122.8,17.0
1988,single-person households,men,informal,473.7,188.6,26.4
1988,single-person households,men,both_formal_informal,473.7,70.1,20.7
1988,single-person households,men,formal_only,473.7,51.2,14.7
1988,single-person households,men,informal_only,473.7,117.9,35.2
1988,single-person households,total,any,1052.6,481.2,31.1
1988,single-person households,total,formal,1052.6,226.3,14.4
1988,single-person households,total,informal,1052.6,374.1,24.9
1988,single-person households,total,both_formal_informal,1052.6,123.6,18.4
1988,single-person households,total,formal_only,1052.6,93.2,14.2
1988,single-person households,total,informal_only,1052.6,262.0,37.2
1988,single-person households,women,any,550.2,241.2,30.0
1988,single-person households,women,formal,550.2,97.4,12.4
1988,single-person households,women,informal,550.2,190.7,24.4
1988,single-person households,women,both_formal_informal,550.2,54.5,15.5
1988,single-person households,women,formal_only,550.2,46.3,13.0
1988,single-person households,women,informal_only,550.2,140.5,39.8
1988,multi-person households,no kids,any,2911.4,1408.0,34.9
1988,multi-person households,no kids,formal,2911.4,774.7,19.2
1988,multi-person households,no kids,informal,2911.4,1082.6,26.1
1988,multi-person households,no kids,both_formal_informal,2911.4,376.6,18.3
1988,multi-person households,no kids,formal_only,2911.4,377.4,18.5
1988,multi-person households,no kids,informal_only,2911.4,669.6,32.8
1988,multi-person households,total,any,4261.6,2109.6,34.2
1988,multi-person households,total,formal,4261.6,1126.9,19.3
1988,multi-person households,total,informal,4261.6,1549.8,25.6
1988,multi-person households,total,both_formal_informal,4261.6,570.2,19.1
1988,multi-person households,total,formal_only,4261.6,585.3,18.6
1988,multi-person households,total,informal_only,4261.6,1008.0,32.4
1988,multi-person households,with 1 kid,any,697.4,348.0,36.6
1988,multi-person households,with 1 kid,formal,697.4,175.9,18.4
1988,multi-person households,with 1 kid,informal,697.4,265.0,27.2
1988,multi-person households,with 1 kid,both_formal_informal,697.4,96.5,19.5
1988,multi-person households,with 1 kid,formal_only,697.4,84.8,17.2
1988,multi-person households,with 1 kid,informal_only,697.4,172.2,33.4
1988,multi-person households,with 2 or more kids,any,660.6,337.4,35.3
1988,multi-person households,with 2 or more kids,formal,660.6,188.5,20.2
1988,multi-person households,with 2 or more kids,informal,660.6,233.1,24.2
1988,multi-person households,with 2 or more kids,both_formal_informal,660.6,87.7,19.0
1988,multi-person households,with 2 or more kids,formal_only,660.6,100.4,21.3
1988,multi-person households,with 2 or more kids,informal_only,660.6,143.0,29.6
1988,multi-person households,with kids,any,1364.2,662.9,35.0
1988,multi-person households,with kids,formal,1364.2,379.5,19.6
1988,multi-person households,with kids,informal,1364.2,501.7,25.3
1988,multi-person households,with kids,both_formal_informal,1364.2,179.8,18.7
1988,multi-person households,with kids,formal_only,1364.2,182.4,18.8
1988,multi-person households,with kids,informal_only,1364.2,311.0,32.4
1991,total,total,any,5549.4,2698.9,35.7
1991,total,total,formal,5549.4,1433.9,19.0
1991,total,total,informal,5549.4,2084.4,27.7
1991,total,total,both_formal_informal,5549.4,715.7,19.9
1991,total,total,formal_only,5549.4,720.9,18.9
1991,total,total,informal_only,5549.4,1339.3,34.6
1991,gender,men,any,2666.0,1423.4,39.3
1991,gender,men,formal,2666.0,844.9,22.1
1991,gender,men,informal,2666.0,1029.0,27.9
1991,gender,men,both_formal_informal,2666.0,413.4,22.2
1991,gender,men,formal_only,2666.0,404.8,20.9
1991,gender,men,informal_only,2666.0,593.8,29.8
1991,gender,women,any,2876.1,1276.0,34.3
1991,gender,women,formal,2876.1,591.1,15.3
1991,gender,women,informal,2876.1,1029.2,26.2
1991,gender,women,both_formal_informal,2876.1,311.1,17.6
1991,gender,women,formal_only,2876.1,291.9,15.8
1991,gender,women,informal_only,2876.1,729.6,39.8
1991,age,30–39,any,909.6,493.0,39.0
1991,age,30–39,formal,909.6,234.3,19.0
1991,age,30–39,informal,909.6,371.8,28.3
1991,age,30–39,both_formal_informal,909.6,118.6,17.7
1991,age,30–39,formal_only,909.6,119.2,18.8
1991,age,30–39,informal_only,909.6,252.8,38.1
1991,age,40–49,any,869.7,474.8,38.2
1991,age,40–49,formal,869.7,262.6,22.2
1991,age,40–49,informal,869.7,342.6,28.6
1991,age,40–49,both_formal_informal,869.7,142.3,22.7
1991,age,40–49,formal_only,869.7,114.3,17.7
1991,age,40–49,informal_only,869.7,203.3,33.4
1991,age,50–59,any,1031.2,556.6,40.6
1991,age,50–59,formal,1031.2,294.4,20.8
1991,age,50–59,informal,1031.2,407.2,29.6
1991,age,50–59,both_formal_informal,1031.2,154.8,20.6
1991,age,50–59,formal_only,1031.2,139.9,18.0
1991,age,50–59,informal_only,1031.2,261.9,35.4
1991,age,60–69,any,823.0,417.9,38.5
1991,age,60–69,formal,823.0,202.8,18.3
1991,age,60–69,informal,823.0,336.8,29.4
1991,age,60–69,both_formal_informal,823.0,112.6,20.4
1991,age,60–69,formal_only,823.0,86.3,15.2
1991,age,60–69,informal_only,823.0,219.6,37.6
1991,age,70–79,any,526.3,211.9,30.4
1991,age,70–79,formal,526.3,122.5,17.4
1991,age,70–79,informal,526.3,154.5,21.5
1991,age,70–79,both_formal_informal,526.3,64.1,22.2
1991,age,70–79,formal_only,526.3,56.0,19.7
1991,age,70–79,informal_only,526.3,92.6,31.0
1991,age,>80,any,349.1,89.8,18.0
1991,age,>80,formal,349.1,43.5,9.4
1991,age,>80,informal,349.1,62.5,12.7
1991,age,>80,both_formal_informal,349.1,17.1,14.2
1991,age,>80,formal_only,349.1,27.6,22.8
1991,age,>80,informal_only,349.1,45.6,35.7
1991,age,<30,any,1046.9,504.7,36.1
1991,age,<30,formal,1046.9,279.5,19.6
1991,age,<30,informal,1046.9,351.7,24.5
1991,age,<30,both_formal_informal,1046.9,118.0,17.3
1991,age,<30,formal_only,1046.9,153.1,21.8
1991,age,<30,informal_only,1046.9,234.9,34.5
1991,education,(max.) Compulsory education,any,1203.9,372.7,23.2
1991,education,(max.) Compulsory education,formal,1203.9,162.6,9.9
1991,education,(max.) Compulsory education,informal,1203.9,277.0,17.0
1991,education,(max.) Compulsory education,both_formal_informal,1203.9,70.9,14.2
1991,education,(max.) Compulsory education,formal_only,1203.9,88.6,18.3
1991,education,(max.) Compulsory education,informal_only,1203.9,209.4,40.5
1991,education,matura,any,915.5,527.5,41.3
1991,education,matura,formal,915.5,290.0,22.8
1991,education,matura,informal,915.5,380.3,32.1
1991,education,matura,both_formal_informal,915.5,153.1,20.4
1991,education,matura,formal_only,915.5,133.8,19.4
1991,education,matura,informal_only,915.5,238.7,32.5
1991,education,"teaching, BMS",any,2498.1,1240.6,34.6
1991,education,"teaching, BMS",formal,2498.1,615.7,18.5
1991,education,"teaching, BMS",informal,2498.1,920.3,25.9
1991,education,"teaching, BMS",both_formal_informal,2498.1,329.0,19.5
1991,education,"teaching, BMS",formal_only,2498.1,305.2,18.4
1991,education,"teaching, BMS",informal_only,2498.1,598.8,35.8
1991,education,university,any,914.3,615.8,48.5
1991,education,university,formal,914.3,340.5,28.4
1991,education,university,informal,914.3,438.4,36.2
1991,education,university,both_formal_informal,914.3,191.3,23.1
1991,education,university,formal_only,914.3,157.8,18.9
1991,education,university,informal_only,914.3,256.8,30.7
1991,citizenship,Austria,any,4652.9,2346.5,38.0
1991,citizenship,Austria,formal,4652.9,1285.5,20.6
1991,citizenship,Austria,informal,4652.9,1730.2,28.0
1991,citizenship,Austria,both_formal_informal,4652.9,649.6,20.6
1991,citizenship,Austria,formal_only,4652.9,642.9,19.6
1991,citizenship,Austria,informal_only,4652.9,1088.3,33.9
1991,citizenship,not Austria,any,948.1,332.8,26.7
1991,citizenship,not Austria,formal,948.1,140.8,11.3
1991,citizenship,not Austria,informal,948.1,273.9,20.5
1991,citizenship,not Austria,both_formal_informal,948.1,73.2,15.8
1991,citizenship,not Austria,formal_only,948.1,68.0,15.2
1991,citizenship,not Austria,informal_only,948.1,197.5,43.4
1991,birth_country,Austria,any,4409.2,2281.3,39.7
1991,birth_country,Austria,formal,4409.2,1205.9,20.6
1991,birth_country,Austria,informal,4409.2,1712.1,29.0
1991,birth_country,Austria,both_formal_informal,4409.2,635.5,19.9
1991,birth_country,Austria,formal_only,4409.2,603.8,19.7
1991,birth_country,Austria,informal_only,4409.2,1037.5,33.9
1991,birth_country,not Austria,any,1196.8,435.9,26.7
1991,birth_country,not Austria,formal,1196.8,191.4,11.6
1991,birth_country,not Austria,informal,1196.8,351.9,20.7
1991,birth_country,not Austria,both_formal_informal,1196.8,96.2,15.7
1991,birth_country,not Austria,formal_only,1196.8,94.1,14.7
1991,birth_country,not Austria,informal_only,1196.8,251.1,41.8
1991,migration,1. Generation,any,1114.4,404.1,25.7
1991,migration,1. Generation,formal,1114.4,162.4,10.4
1991,migration,1. Generation,informal,1114.4,310.3,20.8
1991,migration,1. Generation,both_formal_informal,1114.4,81.3,14.8
1991,migration,1. Generation,formal_only,1114.4,81.3,15.2
1991,migration,1. Generation,informal_only,1114.4,231.1,43.5
1991,migration,2. Generation,any,235.3,90.7,26.8
1991,migration,2. Generation,formal,235.3,30.2,9.4
1991,migration,2. Generation,informal,235.3,70.5,21.4
1991,migration,2. Generation,both_formal_informal,235.3,12.4,9.8
1991,migration,2. Generation,formal_only,235.3,18.0,15.1
1991,migration,2. Generation,informal_only,235.3,60.2,48.1
1991,migration,no migration background,any,4217.4,2266.9,38.8
1991,migration,no migration background,formal,4217.4,1219.0,21.9
1991,migration,no migration background,informal,4217.4,1676.9,28.8
1991,migration,no migration background,both_formal_informal,4217.4,642.2,20.9
1991,migration,no migration background,formal_only,4217.4,607.8,19.7
1991,migration,no migration background,informal_only,4217.4,1028.6,32.8
1991,employment,employed,any,2906.7,1592.9,40.1
1991,employment,employed,formal,2906.7,841.0,22.2
1991,employment,employed,informal,2906.7,1144.9,29.8
1991,employment,employed,both_formal_informal,2906.7,423.9,20.0
1991,employment,employed,formal_only,2906.7,421.2,20.0
1991,employment,employed,informal_only,2906.7,685.5,32.5
1991,employment,household leader,any,299.7,143.5,35.9
1991,employment,household leader,formal,299.7,68.0,16.7
1991,employment,household leader,informal,299.7,110.3,25.9
1991,employment,household leader,both_formal_informal,299.7,30.8,15.5
1991,employment,household leader,formal_only,299.7,36.8,18.1
1991,employment,household leader,informal_only,299.7,81.6,38.7
1991,employment,in training,any,422.2,230.1,40.0
1991,employment,in training,formal,422.2,119.3,20.5
1991,employment,in training,informal,422.2,157.5,26.3
1991,employment,in training,both_formal_informal,422.2,51.4,15.9
1991,employment,in training,formal_only,422.2,71.3,22.9
1991,employment,in training,informal_only,422.2,106.2,33.7
1991,employment,miscellaneous,any,209.1,90.2,32.0
1991,employment,miscellaneous,formal,209.1,47.7,16.8
1991,employment,miscellaneous,informal,209.1,77.6,28.5
1991,employment,miscellaneous,both_formal_informal,209.1,35.1,27.0
1991,employment,miscellaneous,formal_only,209.1,12.3,10.1
1991,employment,miscellaneous,informal_only,209.1,45.1,35.6
1991,employment,retired,any,1488.1,634.8,31.1
1991,employment,retired,formal,1488.1,306.0,15.3
1991,employment,retired,informal,1488.1,460.7,23.5
1991,employment,retired,both_formal_informal,1488.1,162.0,19.8
1991,employment,retired,formal_only,1488.1,145.0,17.7
1991,employment,retired,informal_only,1488.1,307.9,36.0
1991,employment,unemployed,any,223.7,84.8,27.5
1991,employment,unemployed,formal,223.7,23.2,7.7
1991,employment,unemployed,informal,223.7,73.2,23.6
1991,employment,unemployed,both_formal_informal,223.7,12.6,10.5
1991,employment,unemployed,formal_only,223.7,11.0,9.9
1991,employment,unemployed,informal_only,223.7,63.8,53.5
1991,occupation,auxiliary work,any,184.2,61.5,24.7
1991,occupation,auxiliary work,formal,184.2,24.9,10.4
1991,occupation,auxiliary work,informal,184.2,46.8,18.6
1991,occupation,auxiliary work,both_formal_informal,184.2,11.3,13.6
1991,occupation,auxiliary work,formal_only,184.2,13.8,16.5
1991,occupation,auxiliary work,informal_only,184.2,36.0,42.6
1991,occupation,higher job,any,616.0,355.0,44.3
1991,occupation,higher job,formal,616.0,202.5,24.7
1991,occupation,higher job,informal,616.0,266.6,32.7
1991,occupation,higher job,both_formal_informal,616.0,106.9,20.8
1991,occupation,higher job,formal_only,616.0,95.6,18.9
1991,occupation,higher job,informal_only,616.0,165.4,32.6
1991,occupation,highly qualified job,any,758.9,490.5,47.3
1991,occupation,highly qualified job,formal,758.9,306.7,27.9
1991,occupation,highly qualified job,informal,758.9,366.1,34.9
1991,occupation,highly qualified job,both_formal_informal,758.9,157.0,22.7
1991,occupation,highly qualified job,formal_only,758.9,143.5,20.9
1991,occupation,highly qualified job,informal_only,758.9,197.2,29.8
1991,occupation,middle job,any,1239.3,600.2,35.2
1991,occupation,middle job,formal,1239.3,330.6,19.4
1991,occupation,middle job,informal,1239.3,452.9,25.8
1991,occupation,middle job,both_formal_informal,1239.3,162.7,19.1
1991,occupation,middle job,formal_only,1239.3,165.4,19.7
1991,occupation,middle job,informal_only,1239.3,287.9,35.1
1991,region,Burgenland,any,191.6,89.5,35.0
1991,region,Burgenland,formal,191.6,44.6,17.6
1991,region,Burgenland,informal,191.6,62.7,25.4
1991,region,Burgenland,both_formal_informal,191.6,21.2,18.4
1991,region,Burgenland,formal_only,191.6,24.7,19.8
1991,region,Burgenland,informal_only,191.6,42.3,34.2
1991,region,Carinthia,any,349.1,178.7,36.4
1991,region,Carinthia,formal,349.1,85.7,17.7
1991,region,Carinthia,informal,349.1,136.6,28.4
1991,region,Carinthia,both_formal_informal,349.1,44.6,18.7
1991,region,Carinthia,formal_only,349.1,42.2,17.1
1991,region,Carinthia,informal_only,349.1,88.8,37.0
1991,region,Lower Austria,any,1029.7,560.8,39.5
1991,region,Lower Austria,formal,1029.7,293.3,20.0
1991,region,Lower Austria,informal,1029.7,387.7,27.7
1991,region,Lower Austria,both_formal_informal,1029.7,133.8,18.2
1991,region,Lower Austria,formal_only,1029.7,157.9,20.2
1991,region,Lower Austria,informal_only,1029.7,255.7,34.3
1991,region,Salzburg,any,342.5,191.2,39.9
1991,region,Salzburg,formal,342.5,101.8,21.9
1991,region,Salzburg,informal,342.5,128.4,27.7
1991,region,Salzburg,both_formal_informal,342.5,48.3,19.9
1991,region,Salzburg,formal_only,342.5,54.4,21.0
1991,region,Salzburg,informal_only,342.5,81.6,32.4
1991,region,Styria,any,801.0,372.9,35.7
1991,region,Styria,formal,801.0,204.5,19.0
1991,region,Styria,informal,801.0,278.8,26.3
1991,region,Styria,both_formal_informal,801.0,97.0,19.0
1991,region,Styria,formal_only,801.0,98.7,20.1
1991,region,Styria,informal_only,801.0,185.9,36.0
1991,region,Tyrol,any,459.9,250.8,38.9
1991,region,Tyrol,formal,459.9,159.0,23.7
1991,region,Tyrol,informal,459.9,182.8,29.1
1991,region,Tyrol,both_formal_informal,459.9,86.2,24.2
1991,region,Tyrol,formal_only,459.9,71.4,19.7
1991,region,Tyrol,informal_only,459.9,98.8,28.4
1991,region,Upper Austria,any,932.6,482.8,36.6
1991,region,Upper Austria,formal,932.6,294.3,22.6
1991,region,Upper Austria,informal,932.6,334.7,26.6
1991,region,Upper Austria,both_formal_informal,932.6,149.8,23.8
1991,region,Upper Austria,formal_only,932.6,131.0,21.0
1991,region,Upper Austria,informal_only,932.6,179.8,29.3
1991,region,Vienna,any,1176.8,500.4,31.1
1991,region,Vienna,formal,1176.8,186.2,11.8
1991,region,Vienna,informal,1176.8,409.2,25.5
1991,region,Vienna,both_formal_informal,1176.8,102.9,15.1
1991,region,Vienna,formal_only,1176.8,81.7,12.7
1991,region,Vienna,informal_only,1176.8,304.4,45.8
1991,region,Vorarlberg,any,238.2,132.1,40.0
1991,region,Vorarlberg,formal,238.2,74.5,21.5
1991,region,Vorarlberg,informal,238.2,91.2,26.8
1991,region,Vorarlberg,both_formal_informal,238.2,35.1,18.9
1991,region,Vorarlberg,formal_only,238.2,37.3,22.0
1991,region,Vorarlberg,informal_only,238.2,57.6,32.7
1991,municipality size classes,<= 10 000 inhabitants,any,1685.4,855.9,37.8
1991,municipality size classes,<= 10 000 inhabitants,formal,1685.4,481.3,20.6
1991,municipality size classes,<= 10 000 inhabitants,informal,1685.4,624.3,28.2
1991,municipality size classes,<= 10 000 inhabitants,both_formal_informal,1685.4,238.6,19.1
1991,municipality size classes,<= 10 000 inhabitants,formal_only,1685.4,234.0,19.7
1991,municipality size classes,<= 10 000 inhabitants,informal_only,1685.4,406.6,34.0
1991,municipality size classes,<= 100 000 inhabitants,any,935.5,455.2,35.8
1991,municipality size classes,<= 100 000 inhabitants,formal,935.5,214.2,16.8
1991,municipality size classes,<= 100 000 inhabitants,informal,935.5,347.9,27.0
1991,municipality size classes,<= 100 000 inhabitants,both_formal_informal,935.5,97.9,16.5
1991,municipality size classes,<= 100 000 inhabitants,formal_only,935.5,113.9,18.6
1991,municipality size classes,<= 100 000 inhabitants,informal_only,935.5,240.1,37.8
1991,municipality size classes,<= 2 500 inhabitants,any,1225.8,640.5,39.0
1991,municipality size classes,<= 2 500 inhabitants,formal,1225.8,431.4,25.5
1991,municipality size classes,<= 2 500 inhabitants,informal,1225.8,436.9,27.0
1991,municipality size classes,<= 2 500 inhabitants,both_formal_informal,1225.8,221.0,24.9
1991,municipality size classes,<= 2 500 inhabitants,formal_only,1225.8,207.9,23.2
1991,municipality size classes,<= 2 500 inhabitants,informal_only,1225.8,220.6,25.4
1991,municipality size classes,> 100 000 inhabitants,any,1761.2,781.4,32.0
1991,municipality size classes,> 100 000 inhabitants,formal,1761.2,324.0,13.2
1991,municipality size classes,> 100 000 inhabitants,informal,1761.2,615.4,26.9
1991,municipality size classes,> 100 000 inhabitants,both_formal_informal,1761.2,177.7,16.6
1991,municipality size classes,> 100 000 inhabitants,formal_only,1761.2,140.4,13.7
1991,municipality size classes,> 100 000 inhabitants,informal_only,1761.2,455.8,42.1
1991,household size,1 Person,any,1077.0,508.7,32.6
1991,household size,1 Person,formal,1077.0,232.1,15.6
1991,household size,1 Person,informal,1077.0,393.5,26.8
1991,household size,1 Person,both_formal_informal,1077.0,128.0,18.8
1991,household size,1 Person,formal_only,1077.0,102.9,14.4
1991,household size,1 Person,informal_only,1077.0,266.8,39.3
1991,household size,2 Personen,any,1931.2,945.6,35.3
1991,household size,2 Personen,formal,1931.2,454.1,17.0
1991,household size,2 Personen,informal,1931.2,729.4,27.0
1991,household size,2 Personen,both_formal_informal,1931.2,233.2,18.2
1991,household size,2 Personen,formal_only,1931.2,222.9,17.1
1991,household size,2 Personen,informal_only,1931.2,497.1,37.5
1991,household size,3 Personen,any,1051.9,535.7,36.6
1991,household size,3 Personen,formal,1051.9,266.6,18.7
1991,household size,3 Personen,informal,1051.9,410.1,28.1
1991,household size,3 Personen,both_formal_informal,1051.9,137.5,18.6
1991,household size,3 Personen,formal_only,1051.9,124.7,17.4
1991,household size,3 Personen,informal_only,1051.9,256.8,37.2
1991,household size,4 or more persons,any,1428.6,731.5,38.0
1991,household size,4 or more persons,formal,1428.6,481.3,24.4
1991,household size,4 or more persons,informal,1428.6,512.7,25.6
1991,household size,4 or more persons,both_formal_informal,1428.6,224.4,21.4
1991,household size,4 or more persons,formal_only,1428.6,258.1,24.6
1991,household size,4 or more persons,informal_only,1428.6,277.7,26.4
1991,single-person households,men,any,497.6,252.5,36.4
1991,single-person households,men,formal,497.6,130.3,18.1
1991,single-person households,men,informal,497.6,200.2,28.1
1991,single-person households,men,both_formal_informal,497.6,72.0,22.2
1991,single-person households,men,formal_only,497.6,54.0,15.6
1991,single-person households,men,informal_only,497.6,125.1,35.9
1991,single-person households,total,any,1101.5,505.2,33.4
1991,single-person households,total,formal,1101.5,236.2,15.8
1991,single-person households,total,informal,1101.5,397.2,27.2
1991,single-person households,total,both_formal_informal,1101.5,130.3,19.1
1991,single-person households,total,formal_only,1101.5,98.6,14.3
1991,single-person households,total,informal_only,1101.5,268.9,40.3
1991,single-person households,women,any,595.2,255.1,31.6
1991,single-person households,women,formal,595.2,106.9,12.8
1991,single-person households,women,informal,595.2,198.1,24.5
1991,single-person households,women,both_formal_informal,595.2,56.9,16.9
1991,single-person households,women,formal_only,595.2,46.0,13.8
1991,single-person households,women,informal_only,595.2,145.5,42.5
1991,multi-person households,no kids,any,2992.1,1489.4,37.7
1991,multi-person households,no kids,formal,2992.1,831.9,19.2
1991,multi-person households,no kids,informal,2992.1,1091.8,26.6
1991,multi-person households,no kids,both_formal_informal,2992.1,417.6,19.6
1991,multi-person households,no kids,formal_only,2992.1,404.7,19.9
1991,multi-person households,no kids,informal_only,2992.1,703.4,34.5
1991,multi-person households,total,any,4322.1,2294.4,36.4
1991,multi-person households,total,formal,4322.1,1207.5,20.2
1991,multi-person households,total,informal,4322.1,1613.9,26.6
1991,multi-person households,total,both_formal_informal,4322.1,614.3,19.0
1991,multi-person households,total,formal_only,4322.1,617.2,19.2
1991,multi-person households,total,informal_only,4322.1,1036.3,34.9
1991,multi-person households,with 1 kid,any,721.6,372.6,38.1
1991,multi-person households,with 1 kid,formal,721.6,183.6,18.6
1991,multi-person households,with 1 kid,informal,721.6,274.7,29.2
1991,multi-person households,with 1 kid,both_formal_informal,721.6,98.0,20.2
1991,multi-person households,with 1 kid,formal_only,721.6,88.1,18.1
1991,multi-person households,with 1 kid,informal_only,721.6,183.7,34.8
1991,multi-person households,with 2 or more kids,any,671.1,351.7,35.9
1991,multi-person households,with 2 or more kids,formal,671.1,198.0,21.3
1991,multi-person households,with 2 or more kids,informal,671.1,234.8,25.3
1991,multi-person households,with 2 or more kids,both_formal_informal,671.1,89.4,19.6
1991,multi-person households,with 2 or more kids,formal_only,671.1,107.8,22.2
1991,multi-person households,with 2 or more kids,informal_only,671.1,150.0,30.8
1991,multi-person households,with kids,any,1377.1,719.5,36.5
1991,multi-person households,with kids,formal,1377.1,380.4,20.5
1991,multi-person households,with kids,informal,1377.1,533.4,27.3
1991,multi-person households,with kids,both_formal_informal,1377.1,191.0,19.9
1991,multi-person households,with kids,formal_only,1377.1,200.5,20.0
1991,multi-person households,with kids,informal_only,1377.1,332.8,34.5
1994,total,total,any,5629.7,2905.4,38.5
1994,total,total,formal,5629.7,1518.7,19.4
1994,total,total,informal,5629.7,2113.9,28.7
1994,total,total,both_formal_informal,5629.7,750.6,20.7
1994,total,total,formal_only,5629.7,733.1,20.0
1994,total,total,informal_only,5629.7,1382.5,36.3
1994,gender,men,any,2921.8,1456.3,41.0
1994,gender,men,formal,2921.8,842.7,23.7
1994,gender,men,informal,2921.8,1042.7,28.7
1994,gender,men,both_formal_informal,2921.8,449.7,22.3
1994,gender,men,formal_only,2921.8,433.8,21.8
1994,gender,men,informal_only,2921.8,635.1,31.1
1994,gender,women,any,2905.1,1383.1,34.9
1994,gender,women,formal,2905.1,610.1,16.0
1994,gender,women,informal,2905.1,1075.3,27.8
1994,gender,women,both_formal_informal,2905.1,320.7,17.9
1994,gender,women,formal_only,2905.1,312.3,16.6
1994,gender,women,informal_only,2905.1,727.7,42.2
1994,age,30–39,any,983.4,500.8,40.4
1994,age,30–39,formal,983.4,252.4,18.9
1994,age,30–39,informal,983.4,380.1,30.5
1994,age,30–39,both_formal_informal,983.4,121.3,18.4
1994,age,30–39,formal_only,983.4,129.7,18.9
1994,age,30–39,informal_only,983.4,260.4,39.4
1994,age,40–49,any,922.0,487.2,41.0
1994,age,40–49,formal,922.0,269.3,23.1
1994,age,40–49,informal,922.0,359.3,31.2
1994,age,40–49,both_formal_informal,922.0,154.8,23.5
1994,age,40–49,formal_only,922.0,119.0,18.6
1994,age,40–49,informal_only,922.0,220.9,34.7
1994,age,50–59,any,1067.1,577.3,41.4
1994,age,50–59,formal,1067.1,303.9,22.9
1994,age,50–59,informal,1067.1,420.9,31.5
1994,age,50–59,both_formal_informal,1067.1,161.7,20.8
1994,age,50–59,formal_only,1067.1,140.9,19.5
1994,age,50–59,informal_only,1067.1,279.1,36.2
1994,age,60–69,any,836.3,436.2,39.0
1994,age,60–69,formal,836.3,203.6,19.3
1994,age,60–69,informal,836.3,347.7,31.3
1994,age,60–69,both_formal_informal,836.3,117.9,21.5
1994,age,60–69,formal_only,836.3,89.7,15.6
1994,age,60–69,informal_only,836.3,228.4,40.8
1994,age,70–79,any,548.8,219.8,30.8
1994,age,70–79,formal,548.8,125.0,17.5
1994,age,70–79,informal,548.8,159.7,22.6
1994,age,70–79,both_formal_informal,548.8,64.0,23.4
1994,age,70–79,formal_only,548.8,59.9,20.8
1994,age,70–79,informal_only,548.8,95.6,32.2
1994,age,>80,any,362.2,94.0,19.5
1994,age,>80,formal,362.2,46.6,9.8
1994,age,>80,informal,362.2,66.1,13.2
1994,age,>80,both_formal_informal,362.2,18.5,14.8
1994,age,>80,formal_only,362.2,28.3,23.8
1994,age,>80,informal_only,362.2,47.0,37.4
1994,age,<30,any,1093.6,545.7,38.0
1994,age,<30,formal,1093.6,293.3,20.4
1994,age,<30,informal,1093.6,364.1,26.0
1994,age,<30,both_formal_informal,1093.6,126.6,18.1
1994,age,<30,formal_only,1093.6,161.1,23.7
1994,age,<30,informal_only,1093.6,247.9,35.4
1994,education,(max.) Compulsory education,any,1248.3,382.7,24.6
1994,education,(max.) Compulsory education,formal,1248.3,172.6,10.4
1994,education,(max.) Compulsory education,informal,1248.3,290.9,18.2
1994,education,(max.) Compulsory education,both_formal_informal,1248.3,74.4,14.6
1994,education,(max.) Compulsory education,formal_only,1248.3,92.9,19.0
1994,education,(max.) Compulsory education,informal_only,1248.3,214.5,42.0
1994,education,matura,any,971.5,541.0,43.9
1994,education,matura,formal,971.5,292.2,23.7
1994,education,matura,informal,971.5,398.9,32.4
1994,education,matura,both_formal_informal,971.5,161.2,22.1
1994,education,matura,formal_only,971.5,147.2,19.8
1994,education,matura,informal_only,971.5,255.4,33.9
1994,education,"teaching, BMS",any,2684.1,1306.0,37.9
1994,education,"teaching, BMS",formal,2684.1,660.1,19.6
1994,education,"teaching, BMS",informal,2684.1,980.5,27.6
1994,education,"teaching, BMS",both_formal_informal,2684.1,340.9,20.3
1994,education,"teaching, BMS",formal_only,2684.1,327.0,19.2
1994,education,"teaching, BMS",informal_only,2684.1,622.2,37.7
1994,education,university,any,958.5,647.7,52.0
1994,education,university,formal,958.5,349.8,28.6
1994,education,university,informal,958.5,455.4,38.0
1994,education,university,both_formal_informal,958.5,192.5,24.3
1994,education,university,formal_only,958.5,170.6,19.8
1994,education,university,informal_only,958.5,274.1,32.2
1994,citizenship,Austria,any,4738.5,2480.6,40.2
1994,citizenship,Austria,formal,4738.5,1344.1,21.5
1994,citizenship,Austria,informal,4738.5,1809.0,29.2
1994,citizenship,Austria,both_formal_informal,4738.5,680.2,20.8
1994,citizenship,Austria,formal_only,4738.5,671.0,20.1
1994,citizenship,Austria,informal_only,4738.5,1170.6,35.8
1994,citizenship,not Austria,any,981.0,359.7,28.0
1994,citizenship,not Austria,formal,981.0,144.5,11.9
1994,citizenship,not Austria,informal,981.0,277.3,22.3
1994,citizenship,not Austria,both_formal_informal,981.0,73.9,16.0
1994,citizenship,not Austria,formal_only,981.0,70.5,15.6
1994,citizenship,not Austria,informal_only,981.0,202.6,44.9
1994,birth_country,Austria,any,4644.7,2402.8,40.7
1994,birth_country,Austria,formal,4644.7,1289.2,22.6
1994,birth_country,Austria,informal,4644.7,1724.1,29.0
1994,birth_country,Austria,both_formal_informal,4644.7,644.9,21.7
1994,birth_country,Austria,formal_only,4644.7,629.6,20.1
1994,birth_country,Austria,informal_only,4644.7,1104.7,34.5
1994,birth_country,not Austria,any,1228.6,469.7,28.5
1994,birth_country,not Austria,formal,1228.6,199.6,11.8
1994,birth_country,not Austria,informal,1228.6,379.1,22.8
1994,birth_country,not Austria,both_formal_informal,1228.6,100.2,16.5
1994,birth_country,not Austria,formal_only,1228.6,93.5,15.6
1994,birth_country,not Austria,informal_only,1228.6,264.4,45.2
1994,migration,1. Generation,any,1214.5,412.3,26.5
1994,migration,1. Generation,formal,1214.5,168.1,11.3
1994,migration,1. Generation,informal,1214.5,331.8,21.8
1994,migration,1. Generation,both_formal_informal,1214.5,84.6,15.4
1994,migration,1. Generation,formal_only,1214.5,86.1,15.5
1994,migration,1. Generation,informal_only,1214.5,249.1,46.0
1994,migration,2. Generation,any,253.6,95.7,29.3
1994,migration,2. Generation,formal,253.6,31.6,9.5
1994,migration,2. Generation,informal,253.6,73.1,23.1
1994,migration,2. Generation,both_formal_informal,253.6,12.5,10.6
1994,migration,2. Generation,formal_only,253.6,19.6,15.5
1994,migration,2. Generation,informal_only,253.6,61.5,49.3
1994,migration,no migration background,any,4287.4,2376.6,42.2
1994,migration,no migration background,formal,4287.4,1260.8,22.2
1994,migration,no migration background,informal,4287.4,1701.7,30.2
1994,migration,no migration background,both_formal_informal,4287.4,670.1,21.0
1994,migration,no migration background,formal_only,4287.4,615.1,20.3
1994,migration,no migration background,informal_only,4287.4,1047.6,34.1
1994,employment,employed,any,3078.5,1655.5,42.7
1994,employment,employed,formal,3078.5,911.7,22.3
1994,employment,employed,informal,3078.5,1162.1,30.1
1994,employment,employed,both_formal_informal,3078.5,445.5,21.1
1994,employment,employed,formal_only,3078.5,441.1,20.3
1994,employment,employed,informal_only,3078.5,733.9,33.9
1994,employment,household leader,any,317.3,153.3,37.2
1994,employment,household leader,formal,317.3,70.5,17.6
1994,employment,household leader,informal,317.3,112.5,27.9
1994,employment,household leader,both_formal_informal,317.3,32.8,16.2
1994,employment,household leader,formal_only,317.3,40.2,19.1
1994,employment,household leader,informal_only,317.3,84.0,40.6
1994,employment,in training,any,434.9,239.9,40.2
1994,employment,in training,formal,434.9,128.3,21.3
1994,employment,in training,informal,434.9,165.6,28.2
1994,employment,in training,both_formal_informal,434.9,52.7,17.5
1994,employment,in training,formal_only,434.9,72.8,23.8
1994,employment,in training,informal_only,434.9,112.2,36.3
1994,employment,miscellaneous,any,213.2,92.7,35.0
1994,employment,miscellaneous,formal,213.2,50.3,17.3
1994,employment,miscellaneous,informal,213.2,81.2,28.9
1994,employment,miscellaneous,both_formal_informal,213.2,36.6,28.4
1994,employment,miscellaneous,formal_only,213.2,12.6,10.6
1994,employment,miscellaneous,informal_only,213.2,45.3,37.9
1994,employment,retired,any,1538.0,635.4,31.5
1994,employment,retired,formal,1538.0,324.1,15.4
1994,employment,retired,informal,1538.0,481.7,24.3
1994,employment,retired,both_formal_informal,1538.0,175.4,20.6
1994,employment,retired,formal_only,1538.0,155.6,18.3
1994,employment,retired,informal_only,1538.0,333.3,37.5
1994,employment,unemployed,any,232.1,89.4,28.8
1994,employment,unemployed,formal,232.1,25.7,8.0
1994,employment,unemployed,informal,232.1,77.2,26.0
1994,employment,unemployed,both_formal_informal,232.1,12.9,11.3
1994,employment,unemployed,formal_only,232.1,11.7,10.3
1994,employment,unemployed,informal_only,232.1,66.7,54.7
1994,occupation,auxiliary work,any,195.0,65.0,25.3
1994,occupation,auxiliary work,formal,195.0,27.0,10.9
1994,occupation,auxiliary work,informal,195.0,50.6,19.3
1994,occupation,auxiliary work,both_formal_informal,195.0,12.2,13.9
1994,occupation,auxiliary work,formal_only,195.0,14.3,17.4
1994,occupation,auxiliary work,informal_only,195.0,36.5,44.9
1994,occupation,higher job,any,646.1,373.3,45.3
1994,occupation,higher job,formal,646.1,214.0,25.7
1994,occupation,higher job,informal,646.1,285.6,34.7
1994,occupation,higher job,both_formal_informal,646.1,108.8,21.6
1994,occupation,higher job,formal_only,646.1,97.6,19.4
1994,occupation,higher job,informal_only,646.1,168.7,35.5
1994,occupation,highly qualified job,any,787.7,513.2,50.2
1994,occupation,highly qualified job,formal,787.7,314.5,29.9
1994,occupation,highly qualified job,informal,787.7,380.6,35.1
1994,occupation,highly qualified job,both_formal_informal,787.7,162.3,23.2
1994,occupation,highly qualified job,formal_only,787.7,146.4,22.4
1994,occupation,highly qualified job,informal_only,787.7,217.1,30.6
1994,occupation,middle job,any,1349.7,633.2,36.7
1994,occupation,middle job,formal,1349.7,341.6,19.8
1994,occupation,middle job,informal,1349.7,465.5,27.9
1994,occupation,middle job,both_formal_informal,1349.7,171.1,20.3
1994,occupation,middle job,formal_only,1349.7,174.1,20.6
1994,occupation,middle job,informal_only,1349.7,297.7,36.3
1994,region,Burgenland,any,196.4,93.7,36.2
1994,region,Burgenland,formal,196.4,49.1,18.5
1994,region,Burgenland,informal,196.4,66.8,25.1
1994,region,Burgenland,both_formal_informal,196.4,23.1,19.1
1994,region,Burgenland,formal_only,196.4,24.5,21.1
1994,region,Burgenland,informal_only,196.4,42.0,35.5
1994,region,Carinthia,any,365.7,183.2,37.8
1994,region,Carinthia,formal,365.7,89.4,18.7
1994,region,Carinthia,informal,365.7,145.0,30.4
1994,region,Carinthia,both_formal_informal,365.7,48.3,19.5
1994,region,Carinthia,formal_only,365.7,43.7,17.4
1994,region,Carinthia,informal_only,365.7,94.7,40.0
1994,region,Lower Austria,any,1071.4,586.8,40.1
1994,region,Lower Austria,formal,1071.4,302.0,20.8
1994,region,Lower Austria,informal,1071.4,414.6,28.1
1994,region,Lower Austria,both_formal_informal,1071.4,144.9,19.3
1994,region,Lower Austria,formal_only,1071.4,169.5,22.3
1994,region,Lower Austria,informal_only,1071.4,274.3,36.5
1994,region,Salzburg,any,358.0,197.0,40.6
1994,region,Salzburg,formal,358.0,108.8,22.5
1994,region,Salzburg,informal,358.0,135.1,29.3
1994,region,Salzburg,both_formal_informal,358.0,51.1,20.6
1994,region,Salzburg,formal_only,358.0,55.4,22.7
1994,region,Salzburg,informal_only,358.0,86.7,33.4
1994,region,Styria,any,810.2,390.7,38.5
1994,region,Styria,formal,810.2,212.0,19.0
1994,region,Styria,informal,810.2,295.1,27.5
1994,region,Styria,both_formal_informal,810.2,101.7,19.4
1994,region,Styria,formal_only,810.2,104.8,20.1
1994,region,Styria,informal_only,810.2,192.8,36.3
1994,region,Tyrol,any,479.6,265.5,41.6
1994,region,Tyrol,formal,479.6,164.8,26.1
1994,region,Tyrol,informal,479.6,195.5,30.6
1994,region,Tyrol,both_formal_informal,479.6,91.4,26.0
1994,region,Tyrol,formal_only,479.6,73.9,20.9
1994,region,Tyrol,informal_only,479.6,103.8,29.3
1994,region,Upper Austria,any,937.9,498.3,39.4
1994,region,Upper Austria,formal,937.9,298.6,24.2
1994,region,Upper Austria,informal,937.9,351.5,28.8
1994,region,Upper Austria,both_formal_informal,937.9,163.4,25.3
1994,region,Upper Austria,formal_only,937.9,134.8,21.7
1994,region,Upper Austria,informal_only,937.9,191.2,30.4
1994,region,Vienna,any,1253.1,515.7,32.7
1994,region,Vienna,formal,1253.1,190.0,12.3
1994,region,Vienna,informal,1253.1,417.1,26.0
1994,region,Vienna,both_formal_informal,1253.1,110.1,15.7
1994,region,Vienna,formal_only,1253.1,86.0,13.1
1994,region,Vienna,informal_only,1253.1,315.4,46.4
1994,region,Vorarlberg,any,262.1,131.8,40.8
1994,region,Vorarlberg,formal,262.1,73.6,22.8
1994,region,Vorarlberg,informal,262.1,95.8,29.2
1994,region,Vorarlberg,both_formal_informal,262.1,35.2,20.5
1994,region,Vorarlberg,formal_only,262.1,40.5,23.0
1994,region,Vorarlberg,informal_only,262.1,59.0,34.8
1994,municipality size classes,<= 10 000 inhabitants,any,1785.0,908.5,39.1
1994,municipality size classes,<= 10 000 inhabitants,formal,1785.0,504.7,22.2
1994,municipality size classes,<= 10 000 inhabitants,informal,1785.0,672.8,29.4
1994,municipality size classes,<= 10 000 inhabitants,both_formal_informal,1785.0,244.2,20.0
1994,municipality size classes,<= 10 000 inhabitants,formal_only,1785.0,245.3,20.8
1994,municipality size classes,<= 10 000 inhabitants,informal_only,1785.0,409.8,35.1
1994,municipality size classes,<= 100 000 inhabitants,any,989.3,491.5,37.3
1994,municipality size classes,<= 100 000 inhabitants,formal,989.3,231.0,18.1
1994,municipality size classes,<= 100 000 inhabitants,informal,989.3,354.5,28.4
1994,municipality size classes,<= 100 000 inhabitants,both_formal_informal,989.3,106.1,16.5
1994,municipality size classes,<= 100 000 inhabitants,formal_only,989.3,122.2,19.7
1994,municipality size classes,<= 100 000 inhabitants,informal_only,989.3,247.5,40.4
1994,municipality size classes,<= 2 500 inhabitants,any,1212.5,646.4,41.1
1994,municipality size classes,<= 2 500 inhabitants,formal,1212.5,438.7,27.6
1994,municipality size classes,<= 2 500 inhabitants,informal,1212.5,455.8,28.6
1994,municipality size classes,<= 2 500 inhabitants,both_formal_informal,1212.5,224.1,26.8
1994,municipality size classes,<= 2 500 inhabitants,formal_only,1212.5,217.3,24.2
1994,municipality size classes,<= 2 500 inhabitants,informal_only,1212.5,222.8,26.5
1994,municipality size classes,> 100 000 inhabitants,any,1791.5,789.9,32.9
1994,municipality size classes,> 100 000 inhabitants,formal,1791.5,339.0,14.2
1994,municipality size classes,> 100 000 inhabitants,informal,1791.5,648.7,27.1
1994,municipality size classes,> 100 000 inhabitants,both_formal_informal,1791.5,184.2,17.8
1994,municipality size classes,> 100 000 inhabitants,formal_only,1791.5,152.8,14.3
1994,municipality size classes,> 100 000 inhabitants,informal_only,1791.5,483.1,46.3
1994,household size,1 Person,any,1175.2,515.5,33.8
1994,household size,1 Person,formal,1175.2,237.5,16.4
1994,household size,1 Person,informal,1175.2,406.0,27.8
1994,household size,1 Person,both_formal_informal,1175.2,137.9,19.7
1994,household size,1 Person,formal_only,1175.2,102.3,15.0
1994,household size,1 Person,informal_only,1175.2,286.8,40.6
1994,household size,2 Personen,any,2107.6,985.6,37.4
1994,household size,2 Personen,formal,2107.6,464.2,18.0
1994,household size,2 Personen,informal,2107.6,781.6,28.0
1994,household size,2 Personen,both_formal_informal,2107.6,243.2,18.4
1994,household size,2 Personen,formal_only,2107.6,229.1,18.0
1994,household size,2 Personen,informal_only,2107.6,517.9,40.2
1994,household size,3 Personen,any,1094.4,544.4,38.5
1994,household size,3 Personen,formal,1094.4,276.8,19.9
1994,household size,3 Personen,informal,1094.4,413.7,29.9
1994,household size,3 Personen,both_formal_informal,1094.4,142.1,19.3
1994,household size,3 Personen,formal_only,1094.4,132.0,19.1
1994,household size,3 Personen,informal_only,1094.4,277.3,37.3
1994,household size,4 or more persons,any,1536.4,766.4,40.2
1994,household size,4 or more persons,formal,1536.4,504.2,24.7
1994,household size,4 or more persons,informal,1536.4,510.4,26.9
1994,household size,4 or more persons,both_formal_informal,1536.4,231.6,23.5
1994,household size,4 or more persons,formal_only,1536.4,259.1,26.0
1994,household size,4 or more persons,informal_only,1536.4,295.6,27.4
1994,single-person households,men,any,517.2,262.9,37.8
1994,single-person households,men,formal,517.2,135.5,19.4
1994,single-person households,men,informal,517.2,206.6,28.8
1994,single-person households,men,both_formal_informal,517.2,77.5,23.1
1994,single-person households,men,formal_only,517.2,57.0,16.1
1994,single-person households,men,informal_only,517.2,131.6,36.7
1994,single-person households,total,any,1163.7,534.2,35.2
1994,single-person households,total,formal,1163.7,242.5,15.9
1994,single-person households,total,informal,1163.7,425.9,27.7
1994,single-person households,total,both_formal_informal,1163.7,139.4,20.0
1994,single-person households,total,formal_only,1163.7,102.2,15.8
1994,single-person households,total,informal_only,1163.7,287.5,41.3
1994,single-person households,women,any,605.7,267.2,31.4
1994,single-person households,women,formal,605.7,107.4,13.3
1994,single-person households,women,informal,605.7,208.9,26.8
1994,single-person households,women,both_formal_informal,605.7,61.2,17.2
1994,single-person households,women,formal_only,605.7,48.9,14.8
1994,single-person households,women,informal_only,605.7,153.2,44.9
1994,multi-person households,no kids,any,3152.5,1607.6,39.1
1994,multi-person households,no kids,formal,3152.5,850.9,20.9
1994,multi-person households,no kids,informal,3152.5,1131.3,29.0
1994,multi-person households,no kids,both_formal_informal,3152.5,415.9,20.3
1994,multi-person households,no kids,formal_only,3152.5,431.4,20.2
1994,multi-person households,no kids,informal_only,3152.5,750.0,36.7
1994,multi-person households,total,any,4514.7,2297.5,37.8
1994,multi-person households,total,formal,4514.7,1269.1,20.8
1994,multi-person households,total,informal,4514.7,1671.3,27.8
1994,multi-person households,total,both_formal_informal,4514.7,638.7,20.7
1994,multi-person households,total,formal_only,4514.7,628.8,20.4
1994,multi-person households,total,informal_only,4514.7,1108.5,35.7
1994,multi-person households,with 1 kid,any,744.6,395.9,38.3
1994,multi-person households,with 1 kid,formal,744.6,195.6,20.3
1994,multi-person households,with 1 kid,informal,744.6,291.2,29.5
1994,multi-person households,with 1 kid,both_formal_informal,744.6,101.6,21.2
1994,multi-person households,with 1 kid,formal_only,744.6,91.6,18.4
1994,multi-person households,with 1 kid,informal_only,744.6,187.3,38.0
1994,multi-person households,with 2 or more kids,any,725.1,369.9,38.5
1994,multi-person households,with 2 or more kids,formal,725.1,210.8,22.3
1994,multi-person households,with 2 or more kids,informal,725.1,248.2,26.3
1994,multi-person households,with 2 or more kids,both_formal_informal,725.1,95.9,20.0
1994,multi-person households,with 2 or more kids,formal_only,725.1,115.3,24.0
1994,multi-person households,with 2 or more kids,informal_only,725.1,154.0,32.8
1994,multi-person households,with kids,any,1514.3,731.3,38.8
1994,multi-person households,with kids,formal,1514.3,396.2,21.1
1994,multi-person households,with kids,informal,1514.3,558.9,27.5
1994,multi-person households,with kids,both_formal_informal,1514.3,197.6,20.9
1994,multi-person households,with kids,formal_only,1514.3,206.8,20.4
1994,multi-person households,with kids,informal_only,1514.3,338.5,35.2
1997,total,total,any,6055.6,3048.7,38.6
1997,total,total,formal,6055.6,1533.8,21.3
1997,total,total,informal,6055.6,2223.6,29.4
1997,total,total,both_formal_informal,6055.6,808.5,20.8
1997,total,total,formal_only,6055.6,743.4,20.8
1997,total,total,informal_only,6055.6,1445.6,39.2
1997,gender,men,any,2896.9,1523.6,42.6
1997,gender,men,formal,2896.9,898.6,24.4
1997,gender,men,informal,2896.9,1074.6,30.0
1997,gender,men,both_formal_informal,2896.9,465.0,23.2
1997,gender,men,formal_only,2896.9,437.7,23.1
1997,gender,men,informal_only,2896.9,650.5,32.9
1997,gender,women,any,3041.5,1471.5,36.9
1997,gender,women,formal,3041.5,653.7,16.6
1997,gender,women,informal,3041.5,1094.3,28.3
1997,gender,women,both_formal_informal,3041.5,327.3,18.7
1997,gender,women,formal_only,3041.5,324.0,17.4
1997,gender,women,informal_only,3041.5,774.6,42.5
1997,age,30–39,any,1032.5,543.2,41.9
1997,age,30–39,formal,1032.5,257.9,20.8
1997,age,30–39,informal,1032.5,406.8,31.2
1997,age,30–39,both_formal_informal,1032.5,125.7,18.5
1997,age,30–39,formal_only,1032.5,135.3,19.7
1997,age,30–39,informal_only,1032.5,272.6,41.2
1997,age,40–49,any,965.7,503.5,42.7
1997,age,40–49,formal,965.7,287.3,23.0
1997,age,40–49,informal,965.7,378.4,32.1
1997,age,40–49,both_formal_informal,965.7,155.3,25.2
1997,age,40–49,formal_only,965.7,128.6,20.2
1997,age,40–49,informal_only,965.7,226.2,36.0
1997,age,50–59,any,1123.2,594.9,43.0
1997,age,50–59,formal,1123.2,324.3,22.7
1997,age,50–59,informal,1123.2,441.1,32.9
1997,age,50–59,both_formal_informal,1123.2,164.7,22.2
1997,age,50–59,formal_only,1123.2,146.4,19.6
1997,age,50–59,informal_only,1123.2,291.2,37.6
1997,age,60–69,any,883.4,461.0,40.0
1997,age,60–69,formal,883.4,212.6,19.7
1997,age,60–69,informal,883.4,357.6,32.9
1997,age,60–69,both_formal_informal,883.4,125.4,21.3
1997,age,60–69,formal_only,883.4,92.3,16.2
1997,age,60–69,informal_only,883.4,234.4,41.2
1997,age,70–79,any,568.7,227.9,32.3
1997,age,70–79,formal,568.7,133.4,19.2
1997,age,70–79,informal,568.7,163.8,23.5
1997,age,70–79,both_formal_informal,568.7,69.0,23.6
1997,age,70–79,formal_only,568.7,61.7,22.1
1997,age,70–79,informal_only,568.7,97.0,34.5
1997,age,>80,any,397.3,98.0,20.3
1997,age,>80,formal,397.3,49.5,10.0
1997,age,>80,informal,397.3,66.2,14.1
1997,age,>80,both_formal_informal,397.3,19.0,15.2
1997,age,>80,formal_only,397.3,30.8,24.6
1997,age,>80,informal_only,397.3,47.9,41.0
1997,age,<30,any,1167.9,570.1,40.3
1997,age,<30,formal,1167.9,299.5,21.5
1997,age,<30,informal,1167.9,388.2,27.5
1997,age,<30,both_formal_informal,1167.9,133.8,18.4
1997,age,<30,formal_only,1167.9,173.9,24.3
1997,age,<30,informal_only,1167.9,259.5,37.4
1997,education,(max.) Compulsory education,any,1304.6,398.8,25.1
1997,education,(max.) Compulsory education,formal,1304.6,180.5,10.9
1997,education,(max.) Compulsory education,informal,1304.6,307.4,18.9
1997,education,(max.) Compulsory education,both_formal_informal,1304.6,74.9,14.9
1997,education,(max.) Compulsory education,formal_only,1304.6,102.0,20.2
1997,education,(max.) Compulsory education,informal_only,1304.6,233.8,44.6
1997,education,matura,any,1007.8,590.0,45.8
1997,education,matura,formal,1007.8,317.3,24.7
1997,education,matura,informal,1007.8,417.7,33.3
1997,education,matura,both_formal_informal,1007.8,159.3,22.1
1997,education,matura,formal_only,1007.8,146.2,20.5
1997,education,matura,informal_only,1007.8,270.2,36.2
1997,education,"teaching, BMS",any,2730.5,1333.8,39.2
1997,education,"teaching, BMS",formal,2730.5,673.8,20.2
1997,education,"teaching, BMS",informal,2730.5,1020.3,28.8
1997,education,"teaching, BMS",both_formal_informal,2730.5,348.5,21.3
1997,education,"teaching, BMS",formal_only,2730.5,337.4,20.7
1997,education,"teaching, BMS",informal_only,2730.5,655.6,37.9
1997,education,university,any,1001.8,666.9,52.4
1997,education,university,formal,1001.8,371.5,29.8
1997,education,university,informal,1001.8,488.9,37.9
1997,education,university,both_formal_informal,1001.8,198.0,24.6
1997,education,university,formal_only,1001.8,172.7,21.1
1997,education,university,informal_only,1001.8,275.1,34.8
1997,citizenship,Austria,any,5160.9,2543.9,42.8
1997,citizenship,Austria,formal,5160.9,1392.5,22.8
1997,citizenship,Austria,informal,5160.9,1950.3,31.4
1997,citizenship,Austria,both_formal_informal,5160.9,723.3,21.4
1997,citizenship,Austria,formal_only,5160.9,700.7,20.6
1997,citizenship,Austria,informal_only,5160.9,1195.6,36.2
1997,citizenship,not Austria,any,1028.9,357.2,29.3
1997,citizenship,not Austria,formal,1028.9,151.5,11.9
1997,citizenship,not Austria,informal,1028.9,297.3,23.7
1997,citizenship,not Austria,both_formal_informal,1028.9,78.9,16.8
1997,citizenship,not Austria,formal_only,1028.9,73.6,16.3
1997,citizenship,not Austria,informal_only,1028.9,215.8,47.5
1997,birth_country,Austria,any,4588.5,2478.9,41.9
1997,birth_country,Austria,formal,4588.5,1318.9,23.0
1997,birth_country,Austria,informal,4588.5,1840.8,31.5
1997,birth_country,Austria,both_formal_informal,4588.5,695.9,22.4
1997,birth_country,Austria,formal_only,4588.5,680.6,21.0
1997,birth_country,Austria,informal_only,4588.5,1148.1,36.8
1997,birth_country,not Austria,any,1301.2,476.6,30.2
1997,birth_country,not Austria,formal,1301.2,207.6,12.1
1997,birth_country,not Austria,informal,1301.2,379.8,23.5
1997,birth_country,not Austria,both_formal_informal,1301.2,100.3,17.3
1997,birth_country,not Austria,formal_only,1301.2,100.1,16.8
1997,birth_country,not Austria,informal_only,1301.2,282.8,45.4
1997,migration,1. Generation,any,1240.8,429.7,29.1
1997,migration,1. Generation,formal,1240.8,174.5,11.6
1997,migration,1. Generation,informal,1240.8,347.6,22.5
1997,migration,1. Generation,both_formal_informal,1240.8,86.8,15.8
1997,migration,1. Generation,formal_only,1240.8,90.4,16.8
1997,migration,1. Generation,informal_only,1240.8,261.1,45.9
1997,migration,2. Generation,any,254.8,97.4,29.3
1997,migration,2. Generation,formal,254.8,33.6,10.4
1997,migration,2. Generation,informal,254.8,77.3,23.6
1997,migration,2. Generation,both_formal_informal,254.8,13.0,10.8
1997,migration,2. Generation,formal_only,254.8,20.5,16.1
1997,migration,2. Generation,informal_only,254.8,65.8,53.3
1997,migration,no migration background,any,4457.9,2429.9,43.2
1997,migration,no migration background,formal,4457.9,1363.2,24.1
1997,migration,no migration background,informal,4457.9,1808.1,31.3
1997,migration,no migration background,both_formal_informal,4457.9,690.4,22.9
1997,migration,no migration background,formal_only,4457.9,652.4,20.7
1997,migration,no migration background,informal_only,4457.9,1105.3,36.0
1997,employment,employed,any,3186.0,1696.7,43.8
1997,employment,employed,formal,3186.0,965.5,24.0
1997,employment,employed,informal,3186.0,1238.7,31.2
1997,employment,employed,both_formal_informal,3186.0,465.0,21.9
1997,employment,employed,formal_only,3186.0,465.1,21.8
1997,employment,employed,informal_only,3186.0,776.5,37.0
1997,employment,household leader,any,330.5,157.3,39.4
1997,employment,household leader,formal,330.5,74.0,18.0
1997,employment,household leader,informal,330.5,119.0,29.3
1997,employment,household leader,both_formal_informal,330.5,33.5,16.9
1997,employment,household leader,formal_only,330.5,40.5,20.7
1997,employment,household leader,informal_only,330.5,87.5,42.3
1997,employment,in training,any,472.5,247.2,42.7
1997,employment,in training,formal,472.5,136.3,22.1
1997,employment,in training,informal,472.5,174.3,29.9
1997,employment,in training,both_formal_informal,472.5,55.7,17.9
1997,employment,in training,formal_only,472.5,77.0,25.7
1997,employment,in training,informal_only,472.5,115.4,36.0
1997,employment,miscellaneous,any,218.4,100.0,34.6
1997,employment,miscellaneous,formal,218.4,50.3,18.4
1997,employment,miscellaneous,informal,218.4,83.7,30.5
1997,employment,miscellaneous,both_formal_informal,218.4,38.3,29.5
1997,employment,miscellaneous,formal_only,218.4,13.4,10.8
1997,employment,miscellaneous,informal_only,218.4,48.2,38.1
1997,employment,retired,any,1651.1,674.9,32.5
1997,employment,retired,formal,1651.1,344.5,16.8
1997,employment,retired,informal,1651.1,516.5,25.6
1997,employment,retired,both_formal_informal,1651.1,178.4,20.5
1997,employment,retired,formal_only,1651.1,160.1,19.2
1997,employment,retired,informal_only,1651.1,338.4,39.8
1997,employment,unemployed,any,251.6,93.5,30.1
1997,employment,unemployed,formal,251.6,25.6,8.7
1997,employment,unemployed,informal,251.6,81.8,26.5
1997,employment,unemployed,both_formal_informal,251.6,13.5,11.4
1997,employment,unemployed,formal_only,251.6,12.3,10.2
1997,employment,unemployed,informal_only,251.6,67.3,58.2
1997,occupation,auxiliary work,any,196.0,66.6,26.1
1997,occupation,auxiliary work,formal,196.0,27.5,11.1
1997,occupation,auxiliary work,informal,196.0,52.4,20.5
1997,occupation,auxiliary work,both_formal_informal,196.0,12.6,14.8
1997,occupation,auxiliary work,formal_only,196.0,15.5,18.2
1997,occupation,auxiliary work,informal_only,196.0,39.0,47.8
1997,occupation,higher job,any,671.9,394.1,48.1
1997,occupation,higher job,formal,671.9,215.6,27.0
1997,occupation,higher job,informal,671.9,298.2,35.3
1997,occupation,higher job,both_formal_informal,671.9,112.3,22.8
1997,occupation,higher job,formal_only,671.9,105.7,21.0
1997,occupation,higher job,informal_only,671.9,175.9,36.6
1997,occupation,highly qualified job,any,850.5,540.7,52.6
1997,occupation,highly qualified job,formal,850.5,321.7,31.5
1997,occupation,highly qualified job,informal,850.5,396.9,37.9
1997,occupation,highly qualified job,both_formal_informal,850.5,170.1,25.6
1997,occupation,highly qualified job,formal_only,850.5,154.8,23.3
1997,occupation,highly qualified job,informal_only,850.5,217.7,32.0
1997,occupation,middle job,any,1353.7,674.3,39.3
1997,occupation,middle job,formal,1353.7,355.4,20.6
1997,occupation,middle job,informal,1353.7,481.1,29.0
1997,occupation,middle job,both_formal_informal,1353.7,170.0,21.1
1997,occupation,middle job,formal_only,1353.7,185.7,21.2
1997,occupation,middle job,informal_only,1353.7,319.1,37.1
1997,region,Burgenland,any,203.1,95.7,36.7
1997,region,Burgenland,formal,203.1,49.8,19.3
1997,region,Burgenland,informal,203.1,67.2,26.8
1997,region,Burgenland,both_formal_informal,203.1,23.0,19.6
1997,region,Burgenland,formal_only,203.1,26.4,22.2
1997,region,Burgenland,informal_only,203.1,44.1,38.8
1997,region,Carinthia,any,390.1,193.1,39.5
1997,region,Carinthia,formal,390.1,92.3,19.4
1997,region,Carinthia,informal,390.1,149.6,31.1
1997,region,Carinthia,both_formal_informal,390.1,50.2,20.2
1997,region,Carinthia,formal_only,390.1,46.0,18.4
1997,region,Carinthia,informal_only,390.1,96.8,41.4
1997,region,Lower Austria,any,1148.9,607.1,43.3
1997,region,Lower Austria,formal,1148.9,327.1,22.2
1997,region,Lower Austria,informal,1148.9,431.2,29.6
1997,region,Lower Austria,both_formal_informal,1148.9,151.6,19.2
1997,region,Lower Austria,formal_only,1148.9,168.7,23.2
1997,region,Lower Austria,informal_only,1148.9,283.0,37.7
1997,region,Salzburg,any,384.9,202.6,42.5
1997,region,Salzburg,formal,384.9,112.2,23.9
1997,region,Salzburg,informal,384.9,147.2,31.2
1997,region,Salzburg,both_formal_informal,384.9,53.2,21.0
1997,region,Salzburg,formal_only,384.9,59.4,23.2
1997,region,Salzburg,informal_only,384.9,91.8,35.9
1997,region,Styria,any,830.8,407.4,38.0
1997,region,Styria,formal,830.8,218.9,19.9
1997,region,Styria,informal,830.8,313.5,28.9
1997,region,Styria,both_formal_informal,830.8,108.9,20.7
1997,region,Styria,formal_only,830.8,111.8,21.1
1997,region,Styria,informal_only,830.8,196.3,38.8
1997,region,Tyrol,any,506.9,279.2,44.5
1997,region,Tyrol,formal,506.9,165.8,26.4
1997,region,Tyrol,informal,506.9,203.9,31.6
1997,region,Tyrol,both_formal_informal,506.9,92.9,26.3
1997,region,Tyrol,formal_only,506.9,76.1,21.4
1997,region,Tyrol,informal_only,506.9,112.6,31.1
1997,region,Upper Austria,any,978.9,501.2,41.9
1997,region,Upper Austria,formal,978.9,319.2,24.1
1997,region,Upper Austria,informal,978.9,374.4,29.0
1997,region,Upper Austria,both_formal_informal,978.9,164.7,25.6
1997,region,Upper Austria,formal_only,978.9,141.8,21.8
1997,region,Upper Austria,informal_only,978.9,200.6,31.7
1997,region,Vienna,any,1325.2,547.6,34.2
1997,region,Vienna,formal,1325.2,202.7,12.4
1997,region,Vienna,informal,1325.2,452.1,27.5
1997,region,Vienna,both_formal_informal,1325.2,114.2,16.7
1997,region,Vienna,formal_only,1325.2,93.1,13.3
1997,region,Vienna,informal_only,1325.2,341.4,49.9
1997,region,Vorarlberg,any,271.3,143.8,42.8
1997,region,Vorarlberg,formal,271.3,77.2,23.6
1997,region,Vorarlberg,informal,271.3,97.1,30.5
1997,region,Vorarlberg,both_formal_informal,271.3,37.6,21.3
1997,region,Vorarlberg,formal_only,271.3,42.6,23.8
1997,region,Vorarlberg,informal_only,271.3,62.2,36.0
1997,municipality size classes,<= 10 000 inhabitants,any,1863.1,938.7,42.0
1997,municipality size classes,<= 10 000 inhabitants,formal,1863.1,522.3,23.5
1997,municipality size classes,<= 10 000 inhabitants,informal,1863.1,668.8,29.9
1997,municipality size classes,<= 10 000 inhabitants,both_formal_informal,1863.1,251.0,22.0
1997,municipality size classes,<= 10 000 inhabitants,formal_only,1863.1,267.9,22.4
1997,municipality size classes,<= 10 000 inhabitants,informal_only,1863.1,421.6,36.3
1997,municipality size classes,<= 100 000 inhabitants,any,1011.4,486.4,39.0
1997,municipality size classes,<= 100 000 inhabitants,formal,1011.4,234.0,17.9
1997,municipality size classes,<= 100 000 inhabitants,informal,1011.4,369.1,29.7
1997,municipality size classes,<= 100 000 inhabitants,both_formal_informal,1011.4,111.6,17.7
1997,municipality size classes,<= 100 000 inhabitants,formal_only,1011.4,122.8,19.8
1997,municipality size classes,<= 100 000 inhabitants,informal_only,1011.4,269.2,42.4
1997,municipality size classes,<= 2 500 inhabitants,any,1287.5,696.0,43.5
1997,municipality size classes,<= 2 500 inhabitants,formal,1287.5,470.0,28.3
1997,municipality size classes,<= 2 500 inhabitants,informal,1287.5,476.1,29.2
1997,municipality size classes,<= 2 500 inhabitants,both_formal_informal,1287.5,233.3,27.3
1997,municipality size classes,<= 2 500 inhabitants,formal_only,1287.5,222.6,25.5
1997,municipality size classes,<= 2 500 inhabitants,informal_only,1287.5,227.4,26.2
1997,municipality size classes,> 100 000 inhabitants,any,1941.6,823.7,34.4
1997,municipality size classes,> 100 000 inhabitants,formal,1941.6,338.2,14.2
1997,municipality size classes,> 100 000 inhabitants,informal,1941.6,662.8,28.0
1997,municipality size classes,> 100 000 inhabitants,both_formal_informal,1941.6,194.7,17.6
1997,municipality size classes,> 100 000 inhabitants,formal_only,1941.6,158.6,15.4
1997,municipality size classes,> 100 000 inhabitants,informal_only,1941.6,489.9,46.7
1997,household size,1 Person,any,1229.4,554.4,36.4
1997,household size,1 Person,formal,1229.4,252.9,16.9
1997,household size,1 Person,informal,1229.4,428.5,29.8
1997,household size,1 Person,both_formal_informal,1229.4,146.5,21.5
1997,household size,1 Person,formal_only,1229.4,112.7,16.4
1997,household size,1 Person,informal_only,1229.4,288.3,42.3
1997,household size,2 Personen,any,2168.1,1049.2,37.7
1997,household size,2 Personen,formal,2168.1,485.9,18.1
1997,household size,2 Personen,informal,2168.1,796.5,30.5
1997,household size,2 Personen,both_formal_informal,2168.1,261.2,20.2
1997,household size,2 Personen,formal_only,2168.1,241.1,18.6
1997,household size,2 Personen,informal_only,2168.1,527.5,41.2
1997,household size,3 Personen,any,1112.2,575.2,39.9
1997,household size,3 Personen,formal,1112.2,292.0,21.0
1997,household size,3 Personen,informal,1112.2,444.5,30.3
1997,household size,3 Personen,both_formal_informal,1112.2,145.4,20.5
1997,household size,3 Personen,formal_only,1112.2,140.2,19.9
1997,household size,3 Personen,informal_only,1112.2,287.0,41.1
1997,household size,4 or more persons,any,1549.0,810.9,42.2
1997,household size,4 or more persons,formal,1549.0,532.8,26.1
1997,household size,4 or more persons,informal,1549.0,545.4,27.3
1997,household size,4 or more persons,both_formal_informal,1549.0,244.9,24.5
1997,household size,4 or more persons,formal_only,1549.0,273.6,26.7
1997,household size,4 or more persons,informal_only,1549.0,295.5,29.7
1997,single-person households,men,any,563.9,274.1,39.3
1997,single-person households,men,formal,563.9,143.1,20.4
1997,single-person households,men,informal,563.9,212.5,30.7
1997,single-person households,men,both_formal_informal,563.9,80.1,23.7
1997,single-person households,men,formal_only,563.9,57.6,16.8
1997,single-person households,men,informal_only,563.9,133.1,40.0
1997,single-person households,total,any,1166.3,552.5,36.2
1997,single-person households,total,formal,1166.3,248.7,17.1
1997,single-person households,total,informal,1166.3,440.0,29.7
1997,single-person households,total,both_formal_informal,1166.3,146.6,21.4
1997,single-person households,total,formal_only,1166.3,107.5,16.3
1997,single-person households,total,informal_only,1166.3,296.4,42.3
1997,single-person households,women,any,645.0,264.4,33.2
1997,single-person households,women,formal,645.0,114.4,14.0
1997,single-person households,women,informal,645.0,215.8,26.8
1997,single-person households,women,both_formal_informal,645.0,63.0,18.0
1997,single-person households,women,formal_only,645.0,51.9,15.2
1997,single-person households,women,informal_only,645.0,161.3,45.7
1997,multi-person households,no kids,any,3327.4,1646.0,39.9
1997,multi-person households,no kids,formal,3327.4,883.3,21.6
1997,multi-person households,no kids,informal,3327.4,1235.0,29.8
1997,multi-person households,no kids,both_formal_informal,3327.4,440.4,21.0
1997,multi-person households,no kids,formal_only,3327.4,449.8,21.2
1997,multi-person households,no kids,informal_only,3327.4,794.0,37.2
1997,multi-person households,total,any,4808.4,2411.4,40.5
1997,multi-person households,total,formal,4808.4,1311.2,22.2
1997,multi-person households,total,informal,4808.4,1786.2,29.9
1997,multi-person households,total,both_formal_informal,4808.4,637.7,20.8
1997,multi-person households,total,formal_only,4808.4,665.0,21.6
1997,multi-person households,total,informal_only,4808.4,1099.6,36.3
1997,multi-person households,with 1 kid,any,794.3,399.0,41.6
1997,multi-person households,with 1 kid,formal,794.3,205.8,20.6
1997,multi-person households,with 1 kid,informal,794.3,304.8,30.1
1997,multi-person households,with 1 kid,both_formal_informal,794.3,108.4,21.0
1997,multi-person households,with 1 kid,formal_only,794.3,99.3,19.8
1997,multi-person households,with 1 kid,informal_only,794.3,202.4,39.8
1997,multi-person households,with 2 or more kids,any,746.5,374.2,41.0
1997,multi-person households,with 2 or more kids,formal,746.5,219.2,23.3
1997,multi-person households,with 2 or more kids,informal,746.5,265.5,27.8
1997,multi-person households,with 2 or more kids,both_formal_informal,746.5,100.8,21.4
1997,multi-person households,with 2 or more kids,formal_only,746.5,116.9,24.9
1997,multi-person households,with 2 or more kids,informal_only,746.5,164.6,34.9
1997,multi-person households,with kids,any,1574.1,791.3,41.6
1997,multi-person households,with kids,formal,1574.1,429.9,22.0
1997,multi-person households,with kids,informal,1574.1,576.7,30.0
1997,multi-person households,with kids,both_formal_informal,1574.1,211.4,22.0
1997,multi-person households,with kids,formal_only,1574.1,216.4,22.0
1997,multi-person households,with kids,informal_only,1574.1,358.2,37.6
2000,total,total,any,6140.6,3058.9,40.6
2000,total,total,formal,6140.6,1580.3,21.0
2000,total,total,informal,6140.6,2340.9,31.2
2000,total,total,both_formal_informal,6140.6,818.2,22.0
2000,total,total,formal_only,6140.6,819.2,20.9
2000,total,total,informal_only,6140.6,1489.2,38.9
2000,gender,men,any,3059.7,1612.1,43.8
2000,gender,men,formal,3059.7,931.0,25.7
2000,gender,men,informal,3059.7,1119.1,30.3
2000,gender,men,both_formal_informal,3059.7,468.6,24.7
2000,gender,men,formal_only,3059.7,462.2,24.1
2000,gender,men,informal_only,3059.7,656.8,34.8
2000,gender,women,any,3124.0,1451.8,37.8
2000,gender,women,formal,3124.0,669.1,18.1
2000,gender,women,informal,3124.0,1158.1,29.9
2000,gender,women,both_formal_informal,3124.0,343.5,19.4
2000,gender,women,formal_only,3124.0,336.4,18.6
2000,gender,women,informal_only,3124.0,818.4,45.0
2000,age,30–39,any,1039.3,536.1,42.2
2000,age,30–39,formal,1039.3,270.7,21.0
2000,age,30–39,informal,1039.3,414.1,33.0
2000,age,30–39,both_formal_informal,1039.3,132.4,19.3
2000,age,30–39,formal_only,1039.3,135.1,21.3
2000,age,30–39,informal_only,1039.3,287.6,41.6
2000,age,40–49,any,983.3,534.1,43.0
2000,age,40–49,formal,983.3,300.1,25.1
2000,age,40–49,informal,983.3,408.4,32.6
2000,age,40–49,both_formal_informal,983.3,168.4,25.5
2000,age,40–49,formal_only,983.3,131.7,20.3
2000,age,40–49,informal_only,983.3,243.0,36.7
2000,age,50–59,any,1121.8,634.7,47.1
2000,age,50–59,formal,1121.8,337.9,24.5
2000,age,50–59,informal,1121.8,467.3,35.4
2000,age,50–59,both_formal_informal,1121.8,169.7,23.1
2000,age,50–59,formal_only,1121.8,156.8,20.5
2000,age,50–59,informal_only,1121.8,296.1,38.3
2000,age,60–69,any,913.9,461.1,42.7
2000,age,60–69,formal,913.9,227.3,19.9
2000,age,60–69,informal,913.9,374.4,34.1
2000,age,60–69,both_formal_informal,913.9,130.0,22.4
2000,age,60–69,formal_only,913.9,98.9,17.5
2000,age,60–69,informal_only,913.9,244.4,44.8
2000,age,70–79,any,593.0,232.8,33.6
2000,age,70–79,formal,593.0,135.2,19.0
2000,age,70–79,informal,593.0,172.9,25.4
2000,age,70–79,both_formal_informal,593.0,70.4,25.4
2000,age,70–79,formal_only,593.0,65.6,23.1
2000,age,70–79,informal_only,593.0,101.0,35.6
2000,age,>80,any,412.7,104.7,21.1
2000,age,>80,formal,412.7,49.8,10.3
2000,age,>80,informal,412.7,71.0,14.4
2000,age,>80,both_formal_informal,412.7,19.3,16.3
2000,age,>80,formal_only,412.7,30.6,25.7
2000,age,>80,informal_only,412.7,51.1,42.9
2000,age,<30,any,1201.2,592.5,41.0
2000,age,<30,formal,1201.2,308.0,22.1
2000,age,<30,informal,1201.2,407.3,27.8
2000,age,<30,both_formal_informal,1201.2,140.1,19.6
2000,age,<30,formal_only,1201.2,176.5,25.6
2000,age,<30,informal_only,1201.2,267.5,38.1
2000,education,(max.) Compulsory education,any,1327.5,412.1,26.4
2000,education,(max.) Compulsory education,formal,1327.5,179.5,11.5
2000,education,(max.) Compulsory education,informal,1327.5,316.4,20.3
2000,education,(max.) Compulsory education,both_formal_informal,1327.5,78.7,15.7
2000,education,(max.) Compulsory education,formal_only,1327.5,103.1,20.1
2000,education,(max.) Compulsory education,informal_only,1327.5,235.6,47.2
2000,education,matura,any,1044.4,602.5,47.5
2000,education,matura,formal,1044.4,318.6,26.9
2000,education,matura,informal,1044.4,452.5,35.4
2000,education,matura,both_formal_informal,1044.4,168.4,23.5
2000,education,matura,formal_only,1044.4,153.4,21.3
2000,education,matura,informal_only,1044.4,271.0,38.1
2000,education,"teaching, BMS",any,2823.7,1431.7,40.4
2000,education,"teaching, BMS",formal,2823.7,726.9,20.6
2000,education,"teaching, BMS",informal,2823.7,1076.6,29.5
2000,education,"teaching, BMS",both_formal_informal,2823.7,360.2,22.0
2000,education,"teaching, BMS",formal_only,2823.7,354.1,21.7
2000,education,"teaching, BMS",informal_only,2823.7,690.7,41.4
2000,education,university,any,1014.5,700.6,53.8
2000,education,university,formal,1014.5,382.8,30.7
2000,education,university,informal,1014.5,515.5,40.2
2000,education,university,both_formal_informal,1014.5,215.8,26.4
2000,education,university,formal_only,1014.5,178.7,21.7
2000,education,university,informal_only,1014.5,299.4,36.3
2000,citizenship,Austria,any,5087.8,2784.2,43.5
2000,citizenship,Austria,formal,5087.8,1451.3,23.9
2000,citizenship,Austria,informal,5087.8,2029.2,32.0
2000,citizenship,Austria,both_formal_informal,5087.8,729.6,22.1
2000,citizenship,Austria,formal_only,5087.8,726.7,21.6
2000,citizenship,Austria,informal_only,5087.8,1248.2,38.6
2000,citizenship,not Austria,any,1081.7,383.6,30.0
2000,citizenship,not Austria,formal,1081.7,160.7,12.7
2000,citizenship,not Austria,informal,1081.7,308.3,23.8
2000,citizenship,not Austria,both_formal_informal,1081.7,82.0,17.6
2000,citizenship,not Austria,formal_only,1081.7,79.4,16.9
2000,citizenship,not Austria,informal_only,1081.7,228.6,47.4
2000,birth_country,Austria,any,4911.8,2613.0,45.0
2000,birth_country,Austria,formal,4911.8,1398.2,24.5
2000,birth_country,Austria,informal,4911.8,1878.0,32.4
2000,birth_country,Austria,both_formal_informal,4911.8,735.6,23.2
2000,birth_country,Austria,formal_only,4911.8,700.4,22.4
2000,birth_country,Austria,informal_only,4911.8,1189.7,37.4
2000,birth_country,not Austria,any,1334.2,510.4,30.8
2000,birth_country,not Austria,formal,1334.2,211.4,12.6
2000,birth_country,not Austria,informal,1334.2,392.8,24.8
2000,birth_country,not Austria,both_formal_informal,1334.2,107.2,18.1
2000,birth_country,not Austria,formal_only,1334.2,102.8,17.6
2000,birth_country,not Austria,informal_only,1334.2,292.4,49.7
2000,migration,1. Generation,any,1319.8,466.6,29.9
2000,migration,1. Generation,formal,1319.8,185.0,12.4
2000,migration,1. Generation,informal,1319.8,355.4,23.3
2000,migration,1. Generation,both_formal_informal,1319.8,92.4,16.4
2000,migration,1. Generation,formal_only,1319.8,94.0,17.4
2000,migration,1. Generation,informal_only,1319.8,264.9,48.3
2000,migration,2. Generation,any,273.7,102.3,31.3
2000,migration,2. Generation,formal,273.7,34.4,10.7
2000,migration,2. Generation,informal,273.7,80.3,24.5
2000,migration,2. Generation,both_formal_informal,273.7,13.4,11.5
2000,migration,2. Generation,formal_only,273.7,21.0,17.6
2000,migration,2. Generation,informal_only,273.7,67.4,53.6
2000,migration,no migration background,any,4756.2,2486.7,43.7
2000,migration,no migration background,formal,4756.2,1364.6,24.9
2000,migration,no migration background,informal,4756.2,1844.4,32.8
2000,migration,no migration background,both_formal_informal,4756.2,733.2,23.7
2000,migration,no migration background,formal_only,4756.2,681.8,22.1
2000,migration,no migration background,informal_only,4756.2,1153.0,37.9
2000,employment,employed,any,3275.8,1821.6,46.1
2000,employment,employed,formal,3275.8,979.2,25.3
2000,employment,employed,informal,3275.8,1313.9,32.8
2000,employment,employed,both_formal_informal,3275.8,497.3,23.4
2000,employment,employed,formal_only,3275.8,493.7,22.3
2000,employment,employed,informal_only,3275.8,785.1,37.5
2000,employment,household leader,any,345.9,168.2,41.4
2000,employment,household leader,formal,345.9,79.5,18.5
2000,employment,household leader,informal,345.9,125.9,29.6
2000,employment,household leader,both_formal_informal,345.9,35.2,17.6
2000,employment,household leader,formal_only,345.9,42.3,21.3
2000,employment,household leader,informal_only,345.9,92.7,44.5
2000,employment,in training,any,495.5,252.5,43.2
2000,employment,in training,formal,495.5,136.3,24.0
2000,employment,in training,informal,495.5,177.1,30.3
2000,employment,in training,both_formal_informal,495.5,57.2,18.3
2000,employment,in training,formal_only,495.5,81.6,26.6
2000,employment,in training,informal_only,495.5,121.3,39.5
2000,employment,miscellaneous,any,233.3,104.9,36.2
2000,employment,miscellaneous,formal,233.3,52.0,19.4
2000,employment,miscellaneous,informal,233.3,90.0,31.8
2000,employment,miscellaneous,both_formal_informal,233.3,39.6,31.9
2000,employment,miscellaneous,formal_only,233.3,14.0,11.5
2000,employment,miscellaneous,informal_only,233.3,51.7,41.2
2000,employment,retired,any,1754.4,690.2,34.3
2000,employment,retired,formal,1754.4,341.6,17.2
2000,employment,retired,informal,1754.4,528.9,26.0
2000,employment,retired,both_formal_informal,1754.4,184.8,21.6
2000,employment,retired,formal_only,1754.4,161.4,19.2
2000,employment,retired,informal_only,1754.4,362.4,42.3
2000,employment,unemployed,any,266.5,96.4,31.1
2000,employment,unemployed,formal,266.5,27.2,8.8
2000,employment,unemployed,informal,266.5,87.1,28.0
2000,employment,unemployed,both_formal_informal,266.5,14.3,12.1
2000,employment,unemployed,formal_only,266.5,13.0,11.1
2000,employment,unemployed,informal_only,266.5,70.2,61.7
2000,occupation,auxiliary work,any,212.2,69.2,28.1
2000,occupation,auxiliary work,formal,212.2,29.5,11.5
2000,occupation,auxiliary work,informal,212.2,53.1,20.7
2000,occupation,auxiliary work,both_formal_informal,212.2,12.5,15.2
2000,occupation,auxiliary work,formal_only,212.2,15.7,18.9
2000,occupation,auxiliary work,informal_only,212.2,40.2,49.3
2000,occupation,higher job,any,688.6,420.2,50.4
2000,occupation,higher job,formal,688.6,225.0,26.9
2000,occupation,higher job,informal,688.6,314.1,37.9
2000,occupation,higher job,both_formal_informal,688.6,120.2,23.4
2000,occupation,higher job,formal_only,688.6,106.2,21.2
2000,occupation,higher job,informal_only,688.6,186.6,36.9
2000,occupation,highly qualified job,any,871.0,570.1,52.4
2000,occupation,highly qualified job,formal,871.0,345.2,32.2
2000,occupation,highly qualified job,informal,871.0,416.7,37.9
2000,occupation,highly qualified job,both_formal_informal,871.0,175.2,26.0
2000,occupation,highly qualified job,formal_only,871.0,161.4,23.1
2000,occupation,highly qualified job,informal_only,871.0,230.7,34.7
2000,occupation,middle job,any,1435.8,712.1,40.4
2000,occupation,middle job,formal,1435.8,372.0,21.9
2000,occupation,middle job,informal,1435.8,497.9,30.3
2000,occupation,middle job,both_formal_informal,1435.8,179.3,21.3
2000,occupation,middle job,formal_only,1435.8,187.4,22.7
2000,occupation,middle job,informal_only,1435.8,339.4,38.7
2000,region,Burgenland,any,207.4,98.3,39.1
2000,region,Burgenland,formal,207.4,52.5,20.1
2000,region,Burgenland,informal,207.4,70.4,27.9
2000,region,Burgenland,both_formal_informal,207.4,24.6,20.4
2000,region,Burgenland,formal_only,207.4,27.9,23.5
2000,region,Burgenland,informal_only,207.4,47.6,38.7
2000,region,Carinthia,any,392.7,196.9,41.4
2000,region,Carinthia,formal,392.7,99.3,20.0
2000,region,Carinthia,informal,392.7,152.4,31.4
2000,region,Carinthia,both_formal_informal,392.7,53.1,21.5
2000,region,Carinthia,formal_only,392.7,46.4,18.7
2000,region,Carinthia,informal_only,392.7,105.5,43.1
2000,region,Lower Austria,any,1206.4,615.6,42.6
2000,region,Lower Austria,formal,1206.4,339.8,22.8
2000,region,Lower Austria,informal,1206.4,446.3,31.2
2000,region,Lower Austria,both_formal_informal,1206.4,151.9,20.2
2000,region,Lower Austria,formal_only,1206.4,175.6,23.9
2000,region,Lower Austria,informal_only,1206.4,299.7,39.6
2000,region,Salzburg,any,397.1,211.9,44.5
2000,region,Salzburg,formal,397.1,118.8,25.4
2000,region,Salzburg,informal,397.1,151.9,32.0
2000,region,Salzburg,both_formal_informal,397.1,54.9,22.6
2000,region,Salzburg,formal_only,397.1,61.7,24.9
2000,region,Salzburg,informal_only,397.1,92.2,37.7
2000,region,Styria,any,913.3,444.4,41.8
2000,region,Styria,formal,913.3,229.4,21.3
2000,region,Styria,informal,913.3,325.5,29.6
2000,region,Styria,both_formal_informal,913.3,108.2,21.2
2000,region,Styria,formal_only,913.3,116.7,22.2
2000,region,Styria,informal_only,913.3,202.2,40.4
2000,region,Tyrol,any,547.1,293.4,45.0
2000,region,Tyrol,formal,547.1,173.8,28.2
2000,region,Tyrol,informal,547.1,211.5,34.0
2000,region,Tyrol,both_formal_informal,547.1,96.1,27.3
2000,region,Tyrol,formal_only,547.1,79.6,22.3
2000,region,Tyrol,informal_only,547.1,116.5,32.5
2000,region,Upper Austria,any,1064.5,526.6,42.6
2000,region,Upper Austria,formal,1064.5,319.1,26.0
2000,region,Upper Austria,informal,1064.5,383.9,30.0
2000,region,Upper Austria,both_formal_informal,1064.5,171.9,28.0
2000,region,Upper Austria,formal_only,1064.5,145.4,23.0
2000,region,Upper Austria,informal_only,1064.5,211.7,31.9
2000,region,Vienna,any,1369.3,569.4,35.5
2000,region,Vienna,formal,1369.3,209.9,13.0
2000,region,Vienna,informal,1369.3,457.7,29.2
2000,region,Vienna,both_formal_informal,1369.3,118.7,16.8
2000,region,Vienna,formal_only,1369.3,95.4,14.4
2000,region,Vienna,informal_only,1369.3,353.5,51.6
2000,region,Vorarlberg,any,279.5,143.3,44.4
2000,region,Vorarlberg,formal,279.5,84.7,25.0
2000,region,Vorarlberg,informal,279.5,102.2,30.5
2000,region,Vorarlberg,both_formal_informal,279.5,37.9,21.6
2000,region,Vorarlberg,formal_only,279.5,44.7,25.2
2000,region,Vorarlberg,informal_only,279.5,64.1,36.9
2000,municipality size classes,<= 10 000 inhabitants,any,1882.1,1008.5,44.0
2000,municipality size classes,<= 10 000 inhabitants,formal,1882.1,548.6,23.9
2000,municipality size classes,<= 10 000 inhabitants,informal,1882.1,726.0,31.4
2000,municipality size classes,<= 10 000 inhabitants,both_formal_informal,1882.1,271.2,22.6
2000,municipality size classes,<= 10 000 inhabitants,formal_only,1882.1,263.9,23.0
2000,municipality size classes,<= 10 000 inhabitants,informal_only,1882.1,453.5,38.7
2000,municipality size classes,<= 100 000 inhabitants,any,1039.1,528.7,42.0
2000,municipality size classes,<= 100 000 inhabitants,formal,1039.1,248.2,19.1
2000,municipality size classes,<= 100 000 inhabitants,informal,1039.1,379.9,30.0
2000,municipality size classes,<= 100 000 inhabitants,both_formal_informal,1039.1,116.0,18.5
2000,municipality size classes,<= 100 000 inhabitants,formal_only,1039.1,129.0,20.8
2000,municipality size classes,<= 100 000 inhabitants,informal_only,1039.1,277.4,44.9
2000,municipality size classes,<= 2 500 inhabitants,any,1374.9,733.5,43.2
2000,municipality size classes,<= 2 500 inhabitants,formal,1374.9,490.3,29.8
2000,municipality size classes,<= 2 500 inhabitants,informal,1374.9,497.4,30.9
2000,municipality size classes,<= 2 500 inhabitants,both_formal_informal,1374.9,253.8,29.5
2000,municipality size classes,<= 2 500 inhabitants,formal_only,1374.9,232.0,27.1
2000,municipality size classes,<= 2 500 inhabitants,informal_only,1374.9,239.9,27.7
2000,municipality size classes,> 100 000 inhabitants,any,1978.4,899.1,37.2
2000,municipality size classes,> 100 000 inhabitants,formal,1978.4,360.3,14.8
2000,municipality size classes,> 100 000 inhabitants,informal,1978.4,715.3,30.2
2000,municipality size classes,> 100 000 inhabitants,both_formal_informal,1978.4,201.3,18.8
2000,municipality size classes,> 100 000 inhabitants,formal_only,1978.4,163.3,16.0
2000,municipality size classes,> 100 000 inhabitants,informal_only,1978.4,525.2,47.9
2000,household size,1 Person,any,1232.4,555.7,37.2
2000,household size,1 Person,formal,1232.4,261.7,17.5
2000,household size,1 Person,informal,1232.4,449.5,31.1
2000,household size,1 Person,both_formal_informal,1232.4,145.5,21.7
2000,household size,1 Person,formal_only,1232.4,114.6,16.8
2000,household size,1 Person,informal_only,1232.4,312.4,44.2
2000,household size,2 Personen,any,2274.7,1051.3,39.2
2000,household size,2 Personen,formal,2274.7,508.2,19.1
2000,household size,2 Personen,informal,2274.7,806.0,30.4
2000,household size,2 Personen,both_formal_informal,2274.7,261.4,21.0
2000,household size,2 Personen,formal_only,2274.7,255.3,19.8
2000,household size,2 Personen,informal_only,2274.7,557.8,42.1
2000,household size,3 Personen,any,1133.5,598.9,42.3
2000,household size,3 Personen,formal,1133.5,296.4,21.9
2000,household size,3 Personen,informal,1133.5,464.3,33.3
2000,household size,3 Personen,both_formal_informal,1133.5,156.7,21.4
2000,household size,3 Personen,formal_only,1133.5,144.7,20.6
2000,household size,3 Personen,informal_only,1133.5,303.7,41.0
2000,household size,4 or more persons,any,1668.2,833.2,42.4
2000,household size,4 or more persons,formal,1668.2,528.7,27.4
2000,household size,4 or more persons,informal,1668.2,580.2,28.7
2000,household size,4 or more persons,both_formal_informal,1668.2,253.3,25.6
2000,household size,4 or more persons,formal_only,1668.2,285.6,28.3
2000,household size,4 or more persons,informal_only,1668.2,320.4,30.6
2000,single-person households,men,any,568.6,284.7,41.9
2000,single-person households,men,formal,568.6,147.8,21.2
2000,single-person households,men,informal,568.6,227.1,32.3
2000,single-person households,men,both_formal_informal,568.6,85.7,24.8
2000,single-person households,men,formal_only,568.6,60.9,18.3
2000,single-person households,men,informal_only,568.6,136.0,41.7
2000,single-person households,total,any,1267.2,565.0,38.2
2000,single-person households,total,formal,1267.2,256.3,17.9
2000,single-person households,total,informal,1267.2,443.4,29.8
2000,single-person households,total,both_formal_informal,1267.2,146.2,21.8
2000,single-person households,total,formal_only,1267.2,112.8,17.0
2000,single-person households,total,informal_only,1267.2,313.5,43.9
2000,single-person households,women,any,684.8,280.6,36.0
2000,single-person households,women,formal,684.8,114.9,14.8
2000,single-person households,women,informal,684.8,226.3,28.6
2000,single-person households,women,both_formal_informal,684.8,63.4,19.5
2000,single-person households,women,formal_only,684.8,52.3,16.1
2000,single-person households,women,informal_only,684.8,160.9,47.2
2000,multi-person households,no kids,any,3520.4,1761.3,41.3
2000,multi-person households,no kids,formal,3520.4,926.0,22.0
2000,multi-person households,no kids,informal,3520.4,1237.6,31.5
2000,multi-person households,no kids,both_formal_informal,3520.4,453.4,22.1
2000,multi-person households,no kids,formal_only,3520.4,460.9,22.0
2000,multi-person households,no kids,informal_only,3520.4,809.4,38.7
2000,multi-person households,total,any,4962.7,2546.1,42.7
2000,multi-person households,total,formal,4962.7,1326.4,22.9
2000,multi-person households,total,informal,4962.7,1909.8,31.1
2000,multi-person households,total,both_formal_informal,4962.7,672.3,21.9
2000,multi-person households,total,formal_only,4962.7,687.2,22.5
2000,multi-person households,total,informal_only,4962.7,1180.7,39.8
2000,multi-person households,with 1 kid,any,816.2,421.1,42.9
2000,multi-person households,with 1 kid,formal,816.2,212.4,22.2
2000,multi-person households,with 1 kid,informal,816.2,322.7,32.7
2000,multi-person households,with 1 kid,both_formal_informal,816.2,110.5,23.1
2000,multi-person households,with 1 kid,formal_only,816.2,101.0,20.3
2000,multi-person households,with 1 kid,informal_only,816.2,199.3,41.7
2000,multi-person households,with 2 or more kids,any,801.2,384.4,40.8
2000,multi-person households,with 2 or more kids,formal,801.2,224.1,24.0
2000,multi-person households,with 2 or more kids,informal,801.2,267.9,28.7
2000,multi-person households,with 2 or more kids,both_formal_informal,801.2,102.0,21.3
2000,multi-person households,with 2 or more kids,formal_only,801.2,120.0,25.9
2000,multi-person households,with 2 or more kids,informal_only,801.2,170.1,35.1
2000,multi-person households,with kids,any,1620.8,837.6,41.8
2000,multi-person households,with kids,formal,1620.8,445.9,22.6
2000,multi-person households,with kids,informal,1620.8,583.6,30.1
2000,multi-person households,with kids,both_formal_informal,1620.8,219.9,22.2
2000,multi-person households,with kids,formal_only,1620.8,222.6,22.9
2000,multi-person households,with kids,informal_only,1620.8,363.0,37.5
2003,total,total,any,6682.8,3151.5,41.7
2003,total,total,formal,6682.8,1674.5,22.0
2003,total,total,informal,6682.8,2377.1,31.4
2003,total,total,both_formal_informal,6682.8,854.1,22.9
2003,total,total,formal_only,6682.8,811.6,21.8
2003,total,total,informal_only,6682.8,1580.6,41.6
2003,gender,men,any,3156.9,1717.7,44.1
2003,gender,men,formal,3156.9,1002.7,26.6
2003,gender,men,informal,3156.9,1160.8,32.1
2003,gender,men,both_formal_informal,3156.9,488.7,25.3
2003,gender,men,formal_only,3156.9,483.0,24.4
2003,gender,men,informal_only,3156.9,701.2,35.9
2003,gender,women,any,3285.9,1545.9,41.1
2003,gender,women,formal,3285.9,714.8,18.9
2003,gender,women,informal,3285.9,1185.5,32.3
2003,gender,women,both_formal_informal,3285.9,362.2,20.6
2003,gender,women,formal_only,3285.9,346.8,18.9
2003,gender,women,informal_only,3285.9,857.1,46.7
2003,age,30–39,any,1136.4,586.2,43.8
2003,age,30–39,formal,1136.4,284.8,22.2
2003,age,30–39,informal,1136.4,418.9,33.5
2003,age,30–39,both_formal_informal,1136.4,139.8,21.1
2003,age,30–39,formal_only,1136.4,147.3,22.1
2003,age,30–39,informal_only,1136.4,293.9,43.2
2003,age,40–49,any,1038.2,545.7,46.0
2003,age,40–49,formal,1038.2,311.0,26.0
2003,age,40–49,informal,1038.2,418.7,34.2
2003,age,40–49,both_formal_informal,1038.2,168.4,26.5
2003,age,40–49,formal_only,1038.2,134.5,21.7
2003,age,40–49,informal_only,1038.2,245.8,38.5
2003,age,50–59,any,1187.8,671.5,46.8
2003,age,50–59,formal,1187.8,347.1,25.6
2003,age,50–59,informal,1187.8,498.9,35.6
2003,age,50–59,both_formal_informal,1187.8,177.3,24.7
2003,age,50–59,formal_only,1187.8,160.9,21.8
2003,age,50–59,informal_only,1187.8,299.1,40.9
2003,age,60–69,any,979.0,478.5,45.1
2003,age,60–69,formal,979.0,237.4,21.8
2003,age,60–69,informal,979.0,385.7,36.4
2003,age,60–69,both_formal_informal,979.0,138.0,23.5
2003,age,60–69,formal_only,979.0,98.5,18.0
2003,age,60–69,informal_only,979.0,264.6,45.8
2003,age,70–79,any,609.4,253.0,36.0
2003,age,70–79,formal,609.4,141.3,20.6
2003,age,70–79,informal,609.4,180.8,26.4
2003,age,70–79,both_formal_informal,609.4,73.7,25.6
2003,age,70–79,formal_only,609.4,68.1,23.8
2003,age,70–79,informal_only,609.4,108.6,37.8
2003,age,>80,any,431.8,106.8,21.5
2003,age,>80,formal,431.8,53.4,10.9
2003,age,>80,informal,431.8,71.3,14.9
2003,age,>80,both_formal_informal,431.8,20.7,16.7
2003,age,>80,formal_only,431.8,32.5,26.8
2003,age,>80,informal_only,431.8,54.4,44.2
2003,age,<30,any,1215.8,623.7,43.1
2003,age,<30,formal,1215.8,321.8,23.5
2003,age,<30,informal,1215.8,424.4,30.6
2003,age,<30,both_formal_informal,1215.8,139.3,20.5
2003,age,<30,formal_only,1215.8,187.5,27.1
2003,age,<30,informal_only,1215.8,271.8,40.9
2003,education,(max.) Compulsory education,any,1368.2,448.8,26.6
2003,education,(max.) Compulsory education,formal,1368.2,194.8,11.7
2003,education,(max.) Compulsory education,informal,1368.2,322.9,20.2
2003,education,(max.) Compulsory education,both_formal_informal,1368.2,85.9,16.1
2003,education,(max.) Compulsory education,formal_only,1368.2,109.8,21.3
2003,education,(max.) Compulsory education,informal_only,1368.2,248.1,50.1
2003,education,matura,any,1082.3,627.4,48.7
2003,education,matura,formal,1082.3,330.9,27.6
2003,education,matura,informal,1082.3,451.3,37.9
2003,education,matura,both_formal_informal,1082.3,172.3,24.7
2003,education,matura,formal_only,1082.3,159.7,22.0
2003,education,matura,informal_only,1082.3,279.3,39.1
2003,education,"teaching, BMS",any,3017.4,1475.2,41.7
2003,education,"teaching, BMS",formal,3017.4,755.6,21.7
2003,education,"teaching, BMS",informal,3017.4,1081.8,32.3
2003,education,"teaching, BMS",both_formal_informal,3017.4,377.0,22.7
2003,education,"teaching, BMS",formal_only,3017.4,358.3,22.2
2003,education,"teaching, BMS",informal_only,3017.4,716.3,41.0
2003,education,university,any,1087.8,729.3,58.8
2003,education,university,formal,1087.8,396.7,31.8
2003,education,university,informal,1087.8,522.9,42.4
2003,education,university,both_formal_informal,1087.8,215.7,26.8
2003,education,university,formal_only,1087.8,184.6,23.5
2003,education,university,informal_only,1087.8,306.0,37.5
2003,citizenship,Austria,any,5491.8,2797.9,43.9
2003,citizenship,Austria,formal,5491.8,1511.4,24.5
2003,citizenship,Austria,informal,5491.8,2124.2,32.3
2003,citizenship,Austria,both_formal_informal,5491.8,793.0,23.8
2003,citizenship,Austria,formal_only,5491.8,761.9,22.9
2003,citizenship,Austria,informal_only,5491.8,1344.2,40.0
2003,citizenship,not Austria,any,1079.4,398.1,31.3
2003,citizenship,not Austria,formal,1079.4,167.5,13.4
2003,citizenship,not Austria,informal,1079.4,325.2,24.9
2003,citizenship,not Austria,both_formal_informal,1079.4,84.2,18.3
2003,citizenship,not Austria,formal_only,1079.4,81.9,17.3
2003,citizenship,not Austria,informal_only,1079.4,229.2,50.3
2003,birth_country,Austria,any,5120.7,2765.0,44.6
2003,birth_country,Austria,formal,5120.7,1507.5,24.9
2003,birth_country,Austria,informal,5120.7,1985.0,34.4
2003,birth_country,Austria,both_formal_informal,5120.7,726.1,23.7
2003,birth_country,Austria,formal_only,5120.7,741.1,23.7
2003,birth_country,Austria,informal_only,5120.7,1272.0,38.9
2003,birth_country,not Austria,any,1471.9,524.6,32.1
2003,birth_country,not Austria,formal,1471.9,220.5,13.2
2003,birth_country,not Austria,informal,1471.9,416.7,25.6
2003,birth_country,not Austria,both_formal_informal,1471.9,113.1,19.0
2003,birth_country,not Austria,formal_only,1471.9,108.8,17.7
2003,birth_country,not Austria,informal_only,1471.9,306.2,49.9
2003,migration,1. Generation,any,1354.4,482.0,30.8
2003,migration,1. Generation,formal,1354.4,192.1,12.9
2003,migration,1. Generation,informal,1354.4,368.1,23.7
2003,migration,1. Generation,both_formal_informal,1354.4,99.1,17.4
2003,migration,1. Generation,formal_only,1354.4,96.8,18.1
2003,migration,1. Generation,informal_only,1354.4,278.3,51.0
2003,migration,2. Generation,any,280.3,107.4,32.3
2003,migration,2. Generation,formal,280.3,36.4,10.8
2003,migration,2. Generation,informal,280.3,83.8,26.0
2003,migration,2. Generation,both_formal_informal,280.3,14.6,12.2
2003,migration,2. Generation,formal_only,280.3,21.6,17.4
2003,migration,2. Generation,informal_only,280.3,68.4,56.0
2003,migration,no migration background,any,5018.5,2605.2,46.4
2003,migration,no migration background,formal,5018.5,1430.4,25.5
2003,migration,no migration background,informal,5018.5,1922.9,34.7
2003,migration,no migration background,both_formal_informal,5018.5,737.3,24.7
2003,migration,no migration background,formal_only,5018.5,707.2,22.4
2003,migration,no migration background,informal_only,5018.5,1227.1,38.0
2003,employment,employed,any,3367.4,1871.8,48.4
2003,employment,employed,formal,3367.4,986.9,26.6
2003,employment,employed,informal,3367.4,1352.3,34.1
2003,employment,employed,both_formal_informal,3367.4,528.2,24.8
2003,employment,employed,formal_only,3367.4,504.1,22.8
2003,employment,employed,informal_only,3367.4,815.6,39.1
2003,employment,household leader,any,369.7,175.6,42.8
2003,employment,household leader,formal,369.7,80.6,19.5
2003,employment,household leader,informal,369.7,128.9,31.6
2003,employment,household leader,both_formal_informal,369.7,36.2,17.7
2003,employment,household leader,formal_only,369.7,45.5,21.7
2003,employment,household leader,informal_only,369.7,93.7,46.9
2003,employment,in training,any,516.9,264.3,45.3
2003,employment,in training,formal,516.9,141.3,24.6
2003,employment,in training,informal,516.9,181.7,31.8
2003,employment,in training,both_formal_informal,516.9,60.3,19.8
2003,employment,in training,formal_only,516.9,82.3,27.7
2003,employment,in training,informal_only,516.9,127.6,40.5
2003,employment,miscellaneous,any,246.5,108.8,38.4
2003,employment,miscellaneous,formal,246.5,55.2,20.2
2003,employment,miscellaneous,informal,246.5,91.2,33.8
2003,employment,miscellaneous,both_formal_informal,246.5,40.1,33.7
2003,employment,miscellaneous,formal_only,246.5,14.5,12.0
2003,employment,miscellaneous,informal_only,246.5,50.8,41.2
2003,employment,retired,any,1825.6,711.0,36.7
2003,employment,retired,formal,1825.6,357.2,17.9
2003,employment,retired,informal,1825.6,559.0,27.0
2003,employment,retired,both_formal_informal,1825.6,186.9,23.0
2003,employment,retired,formal_only,1825.6,171.4,20.1
2003,employment,retired,informal_only,1825.6,363.1,44.0
2003,employment,unemployed,any,268.7,101.7,32.3
2003,employment,unemployed,formal,268.7,27.8,8.9
2003,employment,unemployed,informal,268.7,87.8,28.9
2003,employment,unemployed,both_formal_informal,268.7,14.9,12.6
2003,employment,unemployed,formal_only,268.7,13.0,11.7
2003,employment,unemployed,informal_only,268.7,73.7,61.8
2003,occupation,auxiliary work,any,222.4,70.4,29.5
2003,occupation,auxiliary work,formal,222.4,30.4,11.9
2003,occupation,auxiliary work,informal,222.4,55.1,21.5
2003,occupation,auxiliary work,both_formal_informal,222.4,13.4,16.6
2003,occupation,auxiliary work,formal_only,222.4,16.5,20.3
2003,occupation,auxiliary work,informal_only,222.4,43.2,51.4
2003,occupation,higher job,any,714.0,434.5,51.7
2003,occupation,higher job,formal,714.0,235.4,28.6
2003,occupation,higher job,informal,714.0,319.6,38.2
2003,occupation,higher job,both_formal_informal,714.0,120.8,25.3
2003,occupation,higher job,formal_only,714.0,110.9,22.4
2003,occupation,higher job,informal_only,714.0,198.2,38.8
2003,occupation,highly qualified job,any,927.0,594.4,56.0
2003,occupation,highly qualified job,formal,927.0,358.3,34.4
2003,occupation,highly qualified job,informal,927.0,412.6,40.4
2003,occupation,highly qualified job,both_formal_informal,927.0,184.4,27.5
2003,occupation,highly qualified job,formal_only,927.0,169.8,24.4
2003,occupation,highly qualified job,informal_only,927.0,245.7,34.3
2003,occupation,middle job,any,1481.6,741.1,41.9
2003,occupation,middle job,formal,1481.6,394.8,22.8
2003,occupation,middle job,informal,1481.6,517.3,30.8
2003,occupation,middle job,both_formal_informal,1481.6,193.3,22.9
2003,occupation,middle job,formal_only,1481.6,192.2,23.6
2003,occupation,middle job,informal_only,1481.6,333.6,40.3
2003,region,Burgenland,any,220.8,104.7,40.6
2003,region,Burgenland,formal,220.8,54.4,21.0
2003,region,Burgenland,informal,220.8,76.0,28.5
2003,region,Burgenland,both_formal_informal,220.8,25.5,21.1
2003,region,Burgenland,formal_only,220.8,28.3,23.7
2003,region,Burgenland,informal_only,220.8,50.0,40.3
2003,region,Carinthia,any,419.5,209.1,42.1
2003,region,Carinthia,formal,419.5,99.9,21.7
2003,region,Carinthia,informal,419.5,165.5,33.6
2003,region,Carinthia,both_formal_informal,419.5,54.1,22.3
2003,region,Carinthia,formal_only,419.5,48.1,20.5
2003,region,Carinthia,informal_only,419.5,104.2,45.3
2003,region,Lower Austria,any,1234.7,650.0,44.8
2003,region,Lower Austria,formal,1234.7,344.1,24.0
2003,region,Lower Austria,informal,1234.7,461.6,32.3
2003,region,Lower Austria,both_formal_informal,1234.7,160.9,21.7
2003,region,Lower Austria,formal_only,1234.7,181.1,24.1
2003,region,Lower Austria,informal_only,1234.7,314.9,39.8
2003,region,Salzburg,any,416.8,215.6,45.8
2003,region,Salzburg,formal,416.8,120.4,25.2
2003,region,Salzburg,informal,416.8,158.2,32.7
2003,region,Salzburg,both_formal_informal,416.8,59.4,22.3
2003,region,Salzburg,formal_only,416.8,62.3,24.7
2003,region,Salzburg,informal_only,416.8,97.4,37.6
2003,region,Styria,any,928.1,444.3,42.7
2003,region,Styria,formal,928.1,241.4,22.4
2003,region,Styria,informal,928.1,333.0,31.9
2003,region,Styria,both_formal_informal,928.1,114.2,22.2
2003,region,Styria,formal_only,928.1,117.3,23.2
2003,region,Styria,informal_only,928.1,214.6,40.7
2003,region,Tyrol,any,544.8,298.1,47.3
2003,region,Tyrol,formal,544.8,180.7,28.8
2003,region,Tyrol,informal,544.8,219.2,34.3
2003,region,Tyrol,both_formal_informal,544.8,103.2,28.9
2003,region,Tyrol,formal_only,544.8,82.7,22.7
2003,region,Tyrol,informal_only,544.8,117.4,33.2
2003,region,Upper Austria,any,1102.6,569.7,43.8
2003,region,Upper Austria,formal,1102.6,334.9,27.0
2003,region,Upper Austria,informal,1102.6,397.1,32.3
2003,region,Upper Austria,both_formal_informal,1102.6,185.2,27.6
2003,region,Upper Austria,formal_only,1102.6,158.1,24.1
2003,region,Upper Austria,informal_only,1102.6,223.2,33.0
2003,region,Vienna,any,1404.8,588.0,37.1
2003,region,Vienna,formal,1404.8,220.3,13.8
2003,region,Vienna,informal,1404.8,484.8,29.5
2003,region,Vienna,both_formal_informal,1404.8,121.8,18.5
2003,region,Vienna,formal_only,1404.8,101.2,14.7
2003,region,Vienna,informal_only,1404.8,353.5,53.7
2003,region,Vorarlberg,any,287.8,154.8,45.2
2003,region,Vorarlberg,formal,287.8,83.8,25.7
2003,region,Vorarlberg,informal,287.8,105.9,32.1
2003,region,Vorarlberg,both_formal_informal,287.8,40.4,23.1
2003,region,Vorarlberg,formal_only,287.8,45.0,25.3
2003,region,Vorarlberg,informal_only,287.8,65.8,37.6
2003,municipality size classes,<= 10 000 inhabitants,any,1957.1,1038.0,45.1
2003,municipality size classes,<= 10 000 inhabitants,formal,1957.1,549.4,25.0
2003,municipality size classes,<= 10 000 inhabitants,informal,1957.1,757.5,33.4
2003,municipality size classes,<= 10 000 inhabitants,both_formal_informal,1957.1,278.8,23.7
2003,municipality size classes,<= 10 000 inhabitants,formal_only,1957.1,282.6,23.6
2003,municipality size classes,<= 10 000 inhabitants,informal_only,1957.1,467.8,39.3
2003,municipality size classes,<= 100 000 inhabitants,any,1128.5,530.2,42.7
2003,municipality size classes,<= 100 000 inhabitants,formal,1128.5,254.3,20.0
2003,municipality size classes,<= 100 000 inhabitants,informal,1128.5,408.8,31.4
2003,municipality size classes,<= 100 000 inhabitants,both_formal_informal,1128.5,121.4,18.9
2003,municipality size classes,<= 100 000 inhabitants,formal_only,1128.5,136.6,22.3
2003,municipality size classes,<= 100 000 inhabitants,informal_only,1128.5,292.4,45.2
2003,municipality size classes,<= 2 500 inhabitants,any,1387.1,731.6,46.5
2003,municipality size classes,<= 2 500 inhabitants,formal,1387.1,512.0,30.6
2003,municipality size classes,<= 2 500 inhabitants,informal,1387.1,497.2,30.9
2003,municipality size classes,<= 2 500 inhabitants,both_formal_informal,1387.1,251.1,30.7
2003,municipality size classes,<= 2 500 inhabitants,formal_only,1387.1,247.1,28.1
2003,municipality size classes,<= 2 500 inhabitants,informal_only,1387.1,251.4,29.5
2003,municipality size classes,> 100 000 inhabitants,any,2114.0,894.2,38.8
2003,municipality size classes,> 100 000 inhabitants,formal,2114.0,375.6,15.4
2003,municipality size classes,> 100 000 inhabitants,informal,2114.0,740.2,30.4
2003,municipality size classes,> 100 000 inhabitants,both_formal_informal,2114.0,201.2,19.8
2003,municipality size classes,> 100 000 inhabitants,formal_only,2114.0,169.0,16.0
2003,municipality size classes,> 100 000 inhabitants,informal_only,2114.0,546.8,51.4
2003,household size,1 Person,any,1275.0,605.3,38.5
2003,household size,1 Person,formal,1275.0,266.9,18.0
2003,household size,1 Person,informal,1275.0,479.7,31.8
2003,household size,1 Person,both_formal_informal,1275.0,151.2,22.9
2003,household size,1 Person,formal_only,1275.0,121.7,17.9
2003,household size,1 Person,informal_only,1275.0,314.8,47.9
2003,household size,2 Personen,any,2325.7,1135.1,42.7
2003,household size,2 Personen,formal,2325.7,531.1,20.1
2003,household size,2 Personen,informal,2325.7,844.5,33.2
2003,household size,2 Personen,both_formal_informal,2325.7,270.9,20.7
2003,household size,2 Personen,formal_only,2325.7,268.3,19.7
2003,household size,2 Personen,informal_only,2325.7,588.0,44.6
2003,household size,3 Personen,any,1213.1,634.8,44.0
2003,household size,3 Personen,formal,1213.1,303.2,22.3
2003,household size,3 Personen,informal,1213.1,475.4,34.5
2003,household size,3 Personen,both_formal_informal,1213.1,165.7,22.1
2003,household size,3 Personen,formal_only,1213.1,149.8,21.2
2003,household size,3 Personen,informal_only,1213.1,318.6,42.6
2003,household size,4 or more persons,any,1680.8,882.5,45.4
2003,household size,4 or more persons,formal,1680.8,553.3,28.8
2003,household size,4 or more persons,informal,1680.8,589.2,29.9
2003,household size,4 or more persons,both_formal_informal,1680.8,269.0,25.3
2003,household size,4 or more persons,formal_only,1680.8,290.2,29.0
2003,household size,4 or more persons,informal_only,1680.8,328.8,31.8
2003,single-person households,men,any,594.3,296.0,41.6
2003,single-person households,men,formal,594.3,151.1,21.9
2003,single-person households,men,informal,594.3,236.0,33.5
2003,single-person households,men,both_formal_informal,594.3,88.3,25.6
2003,single-person households,men,formal_only,594.3,64.6,18.4
2003,single-person households,men,informal_only,594.3,148.2,43.2
2003,single-person households,total,any,1300.6,585.2,39.6
2003,single-person households,total,formal,1300.6,266.0,17.8
2003,single-person households,total,informal,1300.6,474.7,31.1
2003,single-person households,total,both_formal_informal,1300.6,156.0,22.5
2003,single-person households,total,formal_only,1300.6,121.6,17.3
2003,single-person households,total,informal_only,1300.6,322.2,45.5
2003,single-person households,women,any,713.3,288.1,36.7
2003,single-person households,women,formal,713.3,125.3,14.9
2003,single-person households,women,informal,713.3,236.3,29.9
2003,single-person households,women,both_formal_informal,713.3,69.0,19.3
2003,single-person households,women,formal_only,713.3,56.7,16.8
2003,single-person households,women,informal_only,713.3,171.1,50.3
2003,multi-person households,no kids,any,3539.6,1752.4,44.2
2003,multi-person households,no kids,formal,3539.6,977.3,23.4
2003,multi-person households,no kids,informal,3539.6,1349.4,31.1
2003,multi-person households,no kids,both_formal_informal,3539.6,479.1,23.1
2003,multi-person households,no kids,formal_only,3539.6,486.2,23.5
2003,multi-person households,no kids,informal_only,3539.6,855.4,41.4
2003,multi-person households,total,any,5191.1,2688.0,44.1
2003,multi-person households,total,formal,5191.1,1395.7,23.3
2003,multi-person households,total,informal,5191.1,1881.7,32.5
2003,multi-person households,total,both_formal_informal,5191.1,724.7,23.5
2003,multi-person households,total,formal_only,5191.1,708.8,23.3
2003,multi-person households,total,informal_only,5191.1,1230.2,39.5
2003,multi-person households,with 1 kid,any,846.3,432.2,45.4
2003,multi-person households,with 1 kid,formal,846.3,219.6,22.2
2003,multi-person households,with 1 kid,informal,846.3,333.8,33.2
2003,multi-person households,with 1 kid,both_formal_informal,846.3,115.0,22.9
2003,multi-person households,with 1 kid,formal_only,846.3,105.4,21.3
2003,multi-person households,with 1 kid,informal_only,846.3,209.0,43.1
2003,multi-person households,with 2 or more kids,any,804.9,408.1,44.8
2003,multi-person households,with 2 or more kids,formal,804.9,234.8,25.5
2003,multi-person households,with 2 or more kids,informal,804.9,287.3,30.3
2003,multi-person households,with 2 or more kids,both_formal_informal,804.9,105.8,23.0
2003,multi-person households,with 2 or more kids,formal_only,804.9,126.8,26.8
2003,multi-person households,with 2 or more kids,informal_only,804.9,174.0,38.0
2003,multi-person households,with kids,any,1713.5,868.0,44.0
2003,multi-person households,with kids,formal,1713.5,469.9,23.6
2003,multi-person households,with kids,informal,1713.5,623.6,31.5
2003,multi-person households,with kids,both_formal_informal,1713.5,226.3,22.9
2003,multi-person households,with kids,formal_only,1713.5,237.0,23.9
2003,multi-person households,with kids,informal_only,1713.5,379.4,41.0
2006,total,total,any,6741.3,3364.1,44.9
2006,total,total,formal,6741.3,1722.8,23.1
2006,total,total,informal,6741.3,2562.1,33.7
2006,total,total,both_formal_informal,6741.3,874.8,24.1
2006,total,total,formal_only,6741.3,850.7,22.4
2006,total,total,informal_only,6741.3,1560.3,43.0
2006,gender,men,any,3240.3,1744.7,46.8
2006,gender,men,formal,3240.3,1026.7,27.9
2006,gender,men,informal,3240.3,1252.4,32.9
2006,gender,men,both_formal_informal,3240.3,518.2,26.1
2006,gender,men,formal_only,3240.3,489.7,26.4
2006,gender,men,informal_only,3240.3,715.7,37.0
2006,gender,women,any,3390.9,1632.5,41.2
2006,gender,women,formal,3390.9,747.2,18.8
2006,gender,women,informal,3390.9,1278.4,33.1
2006,gender,women,both_formal_informal,3390.9,372.4,20.9
2006,gender,women,formal_only,3390.9,358.1,19.7
2006,gender,women,informal_only,3390.9,849.3,50.0
2006,age,30–39,any,1175.2,579.1,47.6
2006,age,30–39,formal,1175.2,282.7,23.1
2006,age,30–39,informal,1175.2,435.8,35.3
2006,age,30–39,both_formal_informal,1175.2,143.8,21.7
2006,age,30–39,formal_only,1175.2,152.8,22.1
2006,age,30–39,informal_only,1175.2,301.6,46.4
2006,age,40–49,any,1102.4,558.7,49.2
2006,age,40–49,formal,1102.4,326.5,26.1
2006,age,40–49,informal,1102.4,421.3,36.2
2006,age,40–49,both_formal_informal,1102.4,179.2,28.0
2006,age,40–49,formal_only,1102.4,144.0,21.9
2006,age,40–49,informal_only,1102.4,253.3,39.2
2006,age,50–59,any,1258.0,670.3,50.9
2006,age,50–59,formal,1258.0,364.7,25.8
2006,age,50–59,informal,1258.0,517.4,37.5
2006,age,50–59,both_formal_informal,1258.0,191.0,25.0
2006,age,50–59,formal_only,1258.0,169.7,22.4
2006,age,50–59,informal_only,1258.0,319.9,41.6
2006,age,60–69,any,988.3,509.7,47.5
2006,age,60–69,formal,988.3,246.2,22.3
2006,age,60–69,informal,988.3,403.3,37.4
2006,age,60–69,both_formal_informal,988.3,139.0,24.8
2006,age,60–69,formal_only,988.3,101.7,18.1
2006,age,60–69,informal_only,988.3,265.6,47.7
2006,age,70–79,any,616.6,254.5,36.6
2006,age,70–79,formal,616.6,144.2,21.6
2006,age,70–79,informal,616.6,187.9,26.3
2006,age,70–79,both_formal_informal,616.6,77.0,26.8
2006,age,70–79,formal_only,616.6,68.9,25.0
2006,age,70–79,informal_only,616.6,109.6,38.3
2006,age,>80,any,433.6,108.3,22.6
2006,age,>80,formal,433.6,54.6,11.1
2006,age,>80,informal,433.6,76.5,16.0
2006,age,>80,both_formal_informal,433.6,20.9,17.9
2006,age,>80,formal_only,433.6,33.2,28.1
2006,age,>80,informal_only,433.6,55.8,43.8
2006,age,<30,any,1315.3,635.0,43.8
2006,age,<30,formal,1315.3,333.2,23.6
2006,age,<30,informal,1315.3,442.3,30.0
2006,age,<30,both_formal_informal,1315.3,148.3,20.9
2006,age,<30,formal_only,1315.3,188.9,27.9
2006,age,<30,informal_only,1315.3,284.3,41.6
2006,education,(max.) Compulsory education,any,1449.4,445.7,28.2
2006,education,(max.) Compulsory education,formal,1449.4,202.8,12.1
2006,education,(max.) Compulsory education,informal,1449.4,336.2,21.0
2006,education,(max.) Compulsory education,both_formal_informal,1449.4,86.4,16.9
2006,education,(max.) Compulsory education,formal_only,1449.4,111.8,22.9
2006,education,(max.) Compulsory education,informal_only,1449.4,255.3,50.2
2006,education,matura,any,1150.8,637.3,50.7
2006,education,matura,formal,1150.8,345.9,27.6
2006,education,matura,informal,1150.8,488.0,38.7
2006,education,matura,both_formal_informal,1150.8,184.4,25.0
2006,education,matura,formal_only,1150.8,172.9,23.4
2006,education,matura,informal_only,1150.8,302.9,41.7
2006,education,"teaching, BMS",any,3183.9,1546.5,42.6
2006,education,"teaching, BMS",formal,3183.9,766.3,22.7
2006,education,"teaching, BMS",informal,3183.9,1096.5,32.1
2006,education,"teaching, BMS",both_formal_informal,3183.9,400.1,23.4
2006,education,"teaching, BMS",formal_only,3183.9,394.1,22.7
2006,education,"teaching, BMS",informal_only,3183.9,751.9,42.7
2006,education,university,any,1109.2,739.4,58.5
2006,education,university,formal,1109.2,423.7,34.2
2006,education,university,informal,1109.2,560.3,42.9
2006,education,university,both_formal_informal,1109.2,233.9,27.4
2006,education,university,formal_only,1109.2,190.3,24.4
2006,education,university,informal_only,1109.2,318.7,39.6
2006,citizenship,Austria,any,5503.4,2863.8,47.3
2006,citizenship,Austria,formal,5503.4,1538.5,24.6
2006,citizenship,Austria,informal,5503.4,2193.3,33.7
2006,citizenship,Austria,both_formal_informal,5503.4,810.6,24.9
2006,citizenship,Austria,formal_only,5503.4,768.9,24.4
2006,citizenship,Austria,informal_only,5503.4,1323.5,41.6
2006,citizenship,not Austria,any,1161.3,405.5,31.7
2006,citizenship,not Austria,formal,1161.3,171.1,13.9
2006,citizenship,not Austria,informal,1161.3,326.0,25.4
2006,citizenship,not Austria,both_formal_informal,1161.3,87.2,19.1
2006,citizenship,not Austria,formal_only,1161.3,82.5,18.0
2006,citizenship,not Austria,informal_only,1161.3,238.4,53.2
2006,birth_country,Austria,any,5157.6,2884.6,47.1
2006,birth_country,Austria,formal,5157.6,1536.4,25.4
2006,birth_country,Austria,informal,5157.6,2093.2,35.5
2006,birth_country,Austria,both_formal_informal,5157.6,760.8,24.2
2006,birth_country,Austria,formal_only,5157.6,756.2,23.5
2006,birth_country,Austria,informal_only,5157.6,1266.0,41.7
2006,birth_country,not Austria,any,1503.4,555.7,32.7
2006,birth_country,not Austria,formal,1503.4,233.7,13.8
2006,birth_country,not Austria,informal,1503.4,428.9,26.7
2006,birth_country,not Austria,both_formal_informal,1503.4,119.1,19.2
2006,birth_country,not Austria,formal_only,1503.4,114.4,18.2
2006,birth_country,not Austria,informal_only,1503.4,321.3,52.3
2006,migration,1. Generation,any,1413.7,487.5,31.9
2006,migration,1. Generation,formal,1413.7,206.4,13.1
2006,migration,1. Generation,informal,1413.7,387.6,25.0
2006,migration,1. Generation,both_formal_informal,1413.7,97.8,18.6
2006,migration,1. Generation,formal_only,1413.7,101.3,18.9
2006,migration,1. Generation,informal_only,1413.7,284.5,51.7
2006,migration,2. Generation,any,287.1,108.7,34.1
2006,migration,2. Generation,formal,287.1,38.1,11.9
2006,migration,2. Generation,informal,287.1,84.8,26.8
2006,migration,2. Generation,both_formal_informal,287.1,15.0,12.5
2006,migration,2. Generation,formal_only,287.1,23.0,18.2
2006,migration,2. Generation,informal_only,287.1,71.0,59.0
2006,migration,no migration background,any,5149.9,2756.9,49.0
2006,migration,no migration background,formal,5149.9,1514.3,26.1
2006,migration,no migration background,informal,5149.9,2073.6,35.2
2006,migration,no migration background,both_formal_informal,5149.9,759.7,24.9
2006,migration,no migration background,formal_only,5149.9,724.1,23.9
2006,migration,no migration background,informal_only,5149.9,1246.6,39.6
2006,employment,employed,any,3553.7,1877.5,49.8
2006,employment,employed,formal,3553.7,1030.9,27.4
2006,employment,employed,informal,3553.7,1426.0,34.9
2006,employment,employed,both_formal_informal,3553.7,547.7,25.8
2006,employment,employed,formal_only,3553.7,514.8,24.9
2006,employment,employed,informal_only,3553.7,853.7,41.2
2006,employment,household leader,any,370.4,176.3,43.1
2006,employment,household leader,formal,370.4,82.8,19.8
2006,employment,household leader,informal,370.4,134.7,32.2
2006,employment,household leader,both_formal_informal,370.4,37.0,18.5
2006,employment,household leader,formal_only,370.4,46.7,22.6
2006,employment,household leader,informal_only,370.4,99.1,49.1
2006,employment,in training,any,508.8,269.6,47.1
2006,employment,in training,formal,508.8,146.6,24.8
2006,employment,in training,informal,508.8,195.3,32.3
2006,employment,in training,both_formal_informal,508.8,61.4,20.6
2006,employment,in training,formal_only,508.8,88.2,28.6
2006,employment,in training,informal_only,508.8,130.3,41.8
2006,employment,miscellaneous,any,256.3,109.1,41.0
2006,employment,miscellaneous,formal,256.3,58.9,20.2
2006,employment,miscellaneous,informal,256.3,97.8,34.7
2006,employment,miscellaneous,both_formal_informal,256.3,43.2,35.0
2006,employment,miscellaneous,formal_only,256.3,15.2,12.4
2006,employment,miscellaneous,informal_only,256.3,53.3,42.9
2006,employment,retired,any,1807.1,762.9,37.3
2006,employment,retired,formal,1807.1,383.6,18.5
2006,employment,retired,informal,1807.1,566.4,28.9
2006,employment,retired,both_formal_informal,1807.1,200.2,23.2
2006,employment,retired,formal_only,1807.1,177.9,20.5
2006,employment,retired,informal_only,1807.1,379.6,45.3
2006,employment,unemployed,any,281.1,108.8,34.6
2006,employment,unemployed,formal,281.1,29.5,9.3
2006,employment,unemployed,informal,281.1,92.0,30.0
2006,employment,unemployed,both_formal_informal,281.1,15.1,12.9
2006,employment,unemployed,formal_only,281.1,13.9,11.6
2006,employment,unemployed,informal_only,281.1,76.8,66.3
2006,occupation,auxiliary work,any,224.3,74.8,29.4
2006,occupation,auxiliary work,formal,224.3,31.7,12.7
2006,occupation,auxiliary work,informal,224.3,56.1,22.9
2006,occupation,auxiliary work,both_formal_informal,224.3,14.3,16.8
2006,occupation,auxiliary work,formal_only,224.3,17.6,20.8
2006,occupation,auxiliary work,informal_only,224.3,44.4,53.8
2006,occupation,higher job,any,723.0,455.3,55.4
2006,occupation,higher job,formal,723.0,244.3,29.7
2006,occupation,higher job,informal,723.0,322.6,41.3
2006,occupation,higher job,both_formal_informal,723.0,129.7,26.1
2006,occupation,higher job,formal_only,723.0,116.7,23.2
2006,occupation,higher job,informal_only,723.0,206.4,40.7
2006,occupation,highly qualified job,any,976.0,625.5,57.0
2006,occupation,highly qualified job,formal,976.0,372.5,34.1
2006,occupation,highly qualified job,informal,976.0,431.7,40.7
2006,occupation,highly qualified job,both_formal_informal,976.0,187.3,27.9
2006,occupation,highly qualified job,formal_only,976.0,170.7,24.9
2006,occupation,highly qualified job,informal_only,976.0,249.8,35.8
2006,occupation,middle job,any,1510.9,769.7,42.8
2006,occupation,middle job,formal,1510.9,395.8,22.9
2006,occupation,middle job,informal,1510.9,556.1,31.8
2006,occupation,middle job,both_formal_informal,1510.9,194.3,23.8
2006,occupation,middle job,formal_only,1510.9,209.3,24.8
2006,occupation,middle job,informal_only,1510.9,357.2,43.6
2006,region,Burgenland,any,227.7,105.1,42.0
2006,region,Burgenland,formal,227.7,57.1,22.5
2006,region,Burgenland,informal,227.7,76.4,30.0
2006,region,Burgenland,both_formal_informal,227.7,26.1,23.1
2006,region,Burgenland,formal_only,227.7,30.2,24.6
2006,region,Burgenland,informal_only,227.7,51.2,42.7
2006,region,Carinthia,any,444.7,219.2,44.6
2006,region,Carinthia,formal,444.7,105.5,21.8
2006,region,Carinthia,informal,444.7,168.6,35.4
2006,region,Carinthia,both_formal_informal,444.7,54.9,22.5
2006,region,Carinthia,formal_only,444.7,50.8,20.9
2006,region,Carinthia,informal_only,444.7,110.6,47.4
2006,region,Lower Austria,any,1276.6,660.3,47.6
2006,region,Lower Austria,formal,1276.6,353.7,25.2
2006,region,Lower Austria,informal,1276.6,496.0,32.9
2006,region,Lower Austria,both_formal_informal,1276.6,170.4,21.6
2006,region,Lower Austria,formal_only,1276.6,193.9,25.3
2006,region,Lower Austria,informal_only,1276.6,327.4,42.3
2006,region,Salzburg,any,421.7,231.9,49.4
2006,region,Salzburg,formal,421.7,123.5,27.2
2006,region,Salzburg,informal,421.7,158.7,33.8
2006,region,Salzburg,both_formal_informal,421.7,58.8,24.0
2006,region,Salzburg,formal_only,421.7,65.9,26.9
2006,region,Salzburg,informal_only,421.7,100.3,38.9
2006,region,Styria,any,930.6,464.5,42.6
2006,region,Styria,formal,930.6,246.9,23.2
2006,region,Styria,informal,930.6,343.1,31.5
2006,region,Styria,both_formal_informal,930.6,117.2,22.9
2006,region,Styria,formal_only,930.6,120.8,24.0
2006,region,Styria,informal_only,930.6,223.9,42.4
2006,region,Tyrol,any,577.4,314.7,48.3
2006,region,Tyrol,formal,577.4,186.6,29.7
2006,region,Tyrol,informal,577.4,231.9,36.7
2006,region,Tyrol,both_formal_informal,577.4,108.5,31.1
2006,region,Tyrol,formal_only,577.4,84.8,24.8
2006,region,Tyrol,informal_only,577.4,124.0,35.4
2006,region,Upper Austria,any,1153.8,577.8,45.8
2006,region,Upper Austria,formal,1153.8,353.1,28.6
2006,region,Upper Austria,informal,1153.8,422.4,33.3
2006,region,Upper Austria,both_formal_informal,1153.8,188.3,29.6
2006,region,Upper Austria,formal_only,1153.8,158.4,25.3
2006,region,Upper Austria,informal_only,1153.8,222.5,34.7
2006,region,Vienna,any,1427.2,620.1,37.0
2006,region,Vienna,formal,1427.2,225.8,14.2
2006,region,Vienna,informal,1427.2,514.6,30.3
2006,region,Vienna,both_formal_informal,1427.2,122.1,18.1
2006,region,Vienna,formal_only,1427.2,104.7,14.9
2006,region,Vienna,informal_only,1427.2,370.1,55.4
2006,region,Vorarlberg,any,307.8,156.9,49.1
2006,region,Vorarlberg,formal,307.8,90.4,26.6
2006,region,Vorarlberg,informal,307.8,114.1,34.2
2006,region,Vorarlberg,both_formal_informal,307.8,40.9,23.3
2006,region,Vorarlberg,formal_only,307.8,46.8,27.3
2006,region,Vorarlberg,informal_only,307.8,69.7,40.0
2006,municipality size classes,<= 10 000 inhabitants,any,2015.0,1044.0,47.4
2006,municipality size classes,<= 10 000 inhabitants,formal,2015.0,593.9,25.0
2006,municipality size classes,<= 10 000 inhabitants,informal,2015.0,794.5,34.7
2006,municipality size classes,<= 10 000 inhabitants,both_formal_informal,2015.0,281.0,24.7
2006,municipality size classes,<= 10 000 inhabitants,formal_only,2015.0,300.1,24.1
2006,municipality size classes,<= 10 000 inhabitants,informal_only,2015.0,480.0,41.8
2006,municipality size classes,<= 100 000 inhabitants,any,1138.3,559.5,44.5
2006,municipality size classes,<= 100 000 inhabitants,formal,1138.3,260.1,20.5
2006,municipality size classes,<= 100 000 inhabitants,informal,1138.3,427.0,33.5
2006,municipality size classes,<= 100 000 inhabitants,both_formal_informal,1138.3,123.0,19.7
2006,municipality size classes,<= 100 000 inhabitants,formal_only,1138.3,136.7,22.3
2006,municipality size classes,<= 100 000 inhabitants,informal_only,1138.3,302.1,47.7
2006,municipality size classes,<= 2 500 inhabitants,any,1499.9,790.7,47.9
2006,municipality size classes,<= 2 500 inhabitants,formal,1499.9,523.9,32.1
2006,municipality size classes,<= 2 500 inhabitants,informal,1499.9,532.4,32.4
2006,municipality size classes,<= 2 500 inhabitants,both_formal_informal,1499.9,271.5,30.7
2006,municipality size classes,<= 2 500 inhabitants,formal_only,1499.9,246.4,28.6
2006,municipality size classes,<= 2 500 inhabitants,informal_only,1499.9,258.6,31.1
2006,municipality size classes,> 100 000 inhabitants,any,2161.3,932.7,40.6
2006,municipality size classes,> 100 000 inhabitants,formal,2161.3,391.5,16.6
2006,municipality size classes,> 100 000 inhabitants,informal,2161.3,757.8,31.6
2006,municipality size classes,> 100 000 inhabitants,both_formal_informal,2161.3,213.1,20.1
2006,municipality size classes,> 100 000 inhabitants,formal_only,2161.3,176.7,16.9
2006,municipality size classes,> 100 000 inhabitants,informal_only,2161.3,552.6,52.5
2006,household size,1 Person,any,1344.9,603.9,41.7
2006,household size,1 Person,formal,1344.9,289.1,19.0
2006,household size,1 Person,informal,1344.9,498.6,32.1
2006,household size,1 Person,both_formal_informal,1344.9,163.0,24.0
2006,household size,1 Person,formal_only,1344.9,120.8,17.5
2006,household size,1 Person,informal_only,1344.9,321.8,48.1
2006,household size,2 Personen,any,2354.5,1158.0,42.7
2006,household size,2 Personen,formal,2354.5,545.7,21.4
2006,household size,2 Personen,informal,2354.5,886.7,34.3
2006,household size,2 Personen,both_formal_informal,2354.5,287.0,21.7
2006,household size,2 Personen,formal_only,2354.5,268.4,20.8
2006,household size,2 Personen,informal_only,2354.5,612.7,45.6
2006,household size,3 Personen,any,1259.5,660.1,45.7
2006,household size,3 Personen,formal,1259.5,333.6,22.7
2006,household size,3 Personen,informal,1259.5,490.8,35.1
2006,household size,3 Personen,both_formal_informal,1259.5,166.2,23.1
2006,household size,3 Personen,formal_only,1259.5,153.3,21.7
2006,household size,3 Personen,informal_only,1259.5,331.7,44.4
2006,household size,4 or more persons,any,1782.7,910.7,46.0
2006,household size,4 or more persons,formal,1782.7,581.2,30.3
2006,household size,4 or more persons,informal,1782.7,626.7,32.1
2006,household size,4 or more persons,both_formal_informal,1782.7,280.0,27.4
2006,household size,4 or more persons,formal_only,1782.7,299.7,30.4
2006,household size,4 or more persons,informal_only,1782.7,343.1,32.3
2006,single-person households,men,any,639.4,306.8,43.8
2006,single-person households,men,formal,639.4,159.9,23.0
2006,single-person households,men,informal,639.4,238.9,33.8
2006,single-person households,men,both_formal_informal,639.4,88.6,25.8
2006,single-person households,men,formal_only,639.4,64.2,19.2
2006,single-person households,men,informal_only,639.4,146.9,44.7
2006,single-person households,total,any,1385.0,621.7,41.1
2006,single-person households,total,formal,1385.0,281.4,18.8
2006,single-person households,total,informal,1385.0,490.6,33.3
2006,single-person households,total,both_formal_informal,1385.0,158.5,23.8
2006,single-person households,total,formal_only,1385.0,121.7,18.2
2006,single-person households,total,informal_only,1385.0,332.8,47.6
2006,single-person households,women,any,712.1,297.4,38.2
2006,single-person households,women,formal,712.1,130.9,15.5
2006,single-person households,women,informal,712.1,255.6,30.8
2006,single-person households,women,both_formal_informal,712.1,68.1,20.2
2006,single-person households,women,formal_only,712.1,56.7,16.9
2006,single-person households,women,informal_only,712.1,178.6,52.5
2006,multi-person households,no kids,any,3787.4,1809.2,43.8
2006,multi-person households,no kids,formal,3787.4,976.3,24.5
2006,multi-person households,no kids,informal,3787.4,1328.2,32.8
2006,multi-person households,no kids,both_formal_informal,3787.4,504.4,23.3
2006,multi-person households,no kids,formal_only,3787.4,510.4,24.6
2006,multi-person households,no kids,informal_only,3787.4,843.6,41.7
2006,multi-person households,total,any,5398.5,2764.6,44.6
2006,multi-person households,total,formal,5398.5,1473.8,24.2
2006,multi-person households,total,informal,5398.5,1945.1,32.3
2006,multi-person households,total,both_formal_informal,5398.5,751.3,24.4
2006,multi-person households,total,formal_only,5398.5,755.8,23.5
2006,multi-person households,total,informal_only,5398.5,1269.3,41.9
2006,multi-person households,with 1 kid,any,886.4,443.4,46.4
2006,multi-person households,with 1 kid,formal,886.4,235.5,23.8
2006,multi-person households,with 1 kid,informal,886.4,335.7,34.8
2006,multi-person households,with 1 kid,both_formal_informal,886.4,124.1,25.0
2006,multi-person households,with 1 kid,formal_only,886.4,110.3,21.6
2006,multi-person households,with 1 kid,informal_only,886.4,227.1,42.9
2006,multi-person households,with 2 or more kids,any,826.3,416.4,44.7
2006,multi-person households,with 2 or more kids,formal,826.3,248.6,25.8
2006,multi-person households,with 2 or more kids,informal,826.3,289.4,30.4
2006,multi-person households,with 2 or more kids,both_formal_informal,826.3,113.8,24.4
2006,multi-person households,with 2 or more kids,formal_only,826.3,129.3,27.1
2006,multi-person households,with 2 or more kids,informal_only,826.3,184.4,37.9
2006,multi-person households,with kids,any,1767.3,890.0,45.9
2006,multi-person households,with kids,formal,1767.3,462.2,25.1
2006,multi-person households,with kids,informal,1767.3,625.6,32.9
2006,multi-person households,with kids,both_formal_informal,1767.3,228.7,24.6
2006,multi-person households,with kids,formal_only,1767.3,236.5,24.3
2006,multi-person households,with kids,informal_only,1767.3,398.3,41.1
2012,total,total,any,6898.3,3523.0,45.1
2012,total,total,formal,6898.3,1846.8,24.4
2012,total,total,informal,6898.3,2665.4,34.9
2012,total,total,both_formal_informal,6898.3,940.6,24.7
2012,total,total,formal_only,6898.3,882.9,23.9
2012,total,total,informal_only,6898.3,1663.3,45.4
2012,gender,men,any,3423.6,1848.4,47.8
2012,gender,men,formal,3423.6,1047.0,28.6
2012,gender,men,informal,3423.6,1314.9,34.1
2012,gender,men,both_formal_informal,3423.6,527.9,27.0
2012,gender,men,formal_only,3423.6,532.9,26.3
2012,gender,men,informal_only,3423.6,759.9,38.9
2012,gender,women,any,3487.8,1684.1,44.3
2012,gender,women,formal,3487.8,753.3,19.4
2012,gender,women,informal,3487.8,1276.0,34.7
2012,gender,women,both_formal_informal,3487.8,388.4,22.6
2012,gender,women,formal_only,3487.8,363.3,20.0
2012,gender,women,informal_only,3487.8,920.2,49.7
2012,age,30–39,any,1181.3,622.0,47.9
2012,age,30–39,formal,1181.3,301.5,23.2
2012,age,30–39,informal,1181.3,464.9,36.8
2012,age,30–39,both_formal_informal,1181.3,147.8,22.5
2012,age,30–39,formal_only,1181.3,153.1,23.8
2012,age,30–39,informal_only,1181.3,307.8,46.6
2012,age,40–49,any,1087.2,589.0,49.1
2012,age,40–49,formal,1087.2,325.3,27.6
2012,age,40–49,informal,1087.2,461.4,37.2
2012,age,40–49,both_formal_informal,1087.2,180.6,28.6
2012,age,40–49,formal_only,1087.2,142.9,22.8
2012,age,40–49,informal_only,1087.2,260.4,41.3
2012,age,50–59,any,1266.6,693.4,50.1
2012,age,50–59,formal,1266.6,363.3,27.3
2012,age,50–59,informal,1266.6,514.0,38.1
2012,age,50–59,both_formal_informal,1266.6,196.5,26.5
2012,age,50–59,formal_only,1266.6,180.6,23.9
2012,age,50–59,informal_only,1266.6,340.8,45.2
2012,age,60–69,any,1057.9,540.7,48.2
2012,age,60–69,formal,1057.9,253.0,22.7
2012,age,60–69,informal,1057.9,424.5,37.7
2012,age,60–69,both_formal_informal,1057.9,145.7,25.1
2012,age,60–69,formal_only,1057.9,109.2,18.8
2012,age,60–69,informal_only,1057.9,274.3,49.6
2012,age,70–79,any,650.5,270.1,38.2
2012,age,70–79,formal,650.5,150.9,22.4
2012,age,70–79,informal,650.5,189.9,28.3
2012,age,70–79,both_formal_informal,650.5,80.4,26.9
2012,age,70–79,formal_only,650.5,70.9,25.5
2012,age,70–79,informal_only,650.5,116.9,39.8
2012,age,>80,any,446.2,115.8,23.2
2012,age,>80,formal,446.2,56.2,12.1
2012,age,>80,informal,446.2,79.6,16.8
2012,age,>80,both_formal_informal,446.2,21.7,18.2
2012,age,>80,formal_only,446.2,35.9,29.2
2012,age,>80,informal_only,446.2,58.1,46.4
2012,age,<30,any,1327.3,656.5,44.6
2012,age,<30,formal,1327.3,343.3,25.1
2012,age,<30,informal,1327.3,451.4,32.8
2012,age,<30,both_formal_informal,1327.3,150.1,21.3
2012,age,<30,formal_only,1327.3,204.1,27.9
2012,age,<30,informal_only,1327.3,298.6,42.5
2012,education,(max.) Compulsory education,any,1506.4,464.6,30.0
2012,education,(max.) Compulsory education,formal,1506.4,209.2,12.9
2012,education,(max.) Compulsory education,informal,1506.4,363.8,21.7
2012,education,(max.) Compulsory education,both_formal_informal,1506.4,88.9,17.3
2012,education,(max.) Compulsory education,formal_only,1506.4,118.4,23.5
2012,education,(max.) Compulsory education,informal_only,1506.4,259.5,51.9
2012,education,matura,any,1193.0,688.0,53.5
2012,education,matura,formal,1193.0,362.5,29.9
2012,education,matura,informal,1193.0,484.3,39.0
2012,education,matura,both_formal_informal,1193.0,191.7,25.7
2012,education,matura,formal_only,1193.0,179.4,25.0
2012,education,matura,informal_only,1193.0,309.0,41.4
2012,education,"teaching, BMS",any,3187.2,1593.0,45.8
2012,education,"teaching, BMS",formal,3187.2,819.3,22.9
2012,education,"teaching, BMS",informal,3187.2,1153.4,34.8
2012,education,"teaching, BMS",both_formal_informal,3187.2,411.5,24.1
2012,education,"teaching, BMS",formal_only,3187.2,394.3,23.3
2012,education,"teaching, BMS",informal_only,3187.2,767.9,44.8
2012,education,university,any,1165.3,769.1,61.4
2012,education,university,formal,1165.3,450.5,34.9
2012,education,university,informal,1165.3,558.0,44.7
2012,education,university,both_formal_informal,1165.3,234.1,29.6
2012,education,university,formal_only,1165.3,201.1,24.1
2012,education,university,informal_only,1165.3,326.1,38.8
2012,citizenship,Austria,any,6040.8,3021.3,49.8
2012,citizenship,Austria,formal,6040.8,1673.0,25.3
2012,citizenship,Austria,informal,6040.8,2211.6,35.9
2012,citizenship,Austria,both_formal_informal,6040.8,839.6,25.4
2012,citizenship,Austria,formal_only,6040.8,803.4,23.9
2012,citizenship,Austria,informal_only,6040.8,1398.2,42.5
2012,citizenship,not Austria,any,1148.6,427.7,34.5
2012,citizenship,not Austria,formal,1148.6,174.9,14.1
2012,citizenship,not Austria,informal,1148.6,348.8,27.0
2012,citizenship,not Austria,both_formal_informal,1148.6,90.5,20.2
2012,citizenship,not Austria,formal_only,1148.6,88.2,19.4
2012,citizenship,not Austria,informal_only,1148.6,253.1,55.3
2012,birth_country,Austria,any,5635.2,2911.1,50.4
2012,birth_country,Austria,formal,5635.2,1610.8,26.7
2012,birth_country,Austria,informal,5635.2,2200.1,36.7
2012,birth_country,Austria,both_formal_informal,5635.2,800.5,25.4
2012,birth_country,Austria,formal_only,5635.2,770.8,24.3
2012,birth_country,Austria,informal_only,5635.2,1356.4,41.8
2012,birth_country,not Austria,any,1578.7,558.4,33.3
2012,birth_country,not Austria,formal,1578.7,241.7,14.6
2012,birth_country,not Austria,informal,1578.7,452.9,27.9
2012,birth_country,not Austria,both_formal_informal,1578.7,119.2,20.0
2012,birth_country,not Austria,formal_only,1578.7,117.6,19.2
2012,birth_country,not Austria,informal_only,1578.7,326.2,54.6
2012,migration,1. Generation,any,1435.4,509.4,32.5
2012,migration,1. Generation,formal,1435.4,215.2,13.5
2012,migration,1. Generation,informal,1435.4,392.7,25.7
2012,migration,1. Generation,both_formal_informal,1435.4,102.6,18.7
2012,migration,1. Generation,formal_only,1435.4,106.3,19.0
2012,migration,1. Generation,informal_only,1435.4,304.8,53.8
2012,migration,2. Generation,any,301.8,114.2,34.8
2012,migration,2. Generation,formal,301.8,39.8,11.9
2012,migration,2. Generation,informal,301.8,88.7,27.7
2012,migration,2. Generation,both_formal_informal,301.8,15.7,13.1
2012,migration,2. Generation,formal_only,301.8,23.4,19.4
2012,migration,2. Generation,informal_only,301.8,76.2,62.3
2012,migration,no migration background,any,5295.0,2896.5,50.1
2012,migration,no migration background,formal,5295.0,1567.3,27.3
2012,migration,no migration background,informal,5295.0,2042.5,36.2
2012,migration,no migration background,both_formal_informal,5295.0,802.4,26.6
2012,migration,no migration background,formal_only,5295.0,747.6,25.2
2012,migration,no migration background,informal_only,5295.0,1266.4,40.8
2012,employment,employed,any,3753.7,1974.2,52.0
2012,employment,employed,formal,3753.7,1105.7,28.7
2012,employment,employed,informal,3753.7,1441.8,36.2
2012,employment,employed,both_formal_informal,3753.7,565.6,25.3
2012,employment,employed,formal_only,3753.7,531.8,25.6
2012,employment,employed,informal_only,3753.7,920.6,42.8
2012,employment,household leader,any,386.0,193.2,44.1
2012,employment,household leader,formal,386.0,88.1,21.4
2012,employment,household leader,informal,386.0,140.6,33.5
2012,employment,household leader,both_formal_informal,386.0,40.2,19.3
2012,employment,household leader,formal_only,386.0,46.9,24.4
2012,employment,household leader,informal_only,386.0,103.9,51.3
2012,employment,in training,any,555.3,295.9,49.8
2012,employment,in training,formal,555.3,158.5,26.8
2012,employment,in training,informal,555.3,195.0,34.4
2012,employment,in training,both_formal_informal,555.3,62.5,20.5
2012,employment,in training,formal_only,555.3,89.3,29.7
2012,employment,in training,informal_only,555.3,136.9,43.6
2012,employment,miscellaneous,any,253.5,117.4,41.0
2012,employment,miscellaneous,formal,253.5,61.1,21.4
2012,employment,miscellaneous,informal,253.5,102.2,35.4
2012,employment,miscellaneous,both_formal_informal,253.5,42.8,36.2
2012,employment,miscellaneous,formal_only,253.5,15.4,12.4
2012,employment,miscellaneous,informal_only,253.5,54.8,45.1
2012,employment,retired,any,1944.1,797.2,39.6
2012,employment,retired,formal,1944.1,395.6,19.3
2012,employment,retired,informal,1944.1,617.3,29.4
2012,employment,retired,both_formal_informal,1944.1,202.4,25.1
2012,employment,retired,formal_only,1944.1,182.4,21.6
2012,employment,retired,informal_only,1944.1,389.4,47.5
2012,employment,unemployed,any,293.1,113.2,34.6
2012,employment,unemployed,formal,293.1,29.9,10.0
2012,employment,unemployed,informal,293.1,94.1,30.0
2012,employment,unemployed,both_formal_informal,293.1,16.4,13.4
2012,employment,unemployed,formal_only,293.1,14.8,12.2
2012,employment,unemployed,informal_only,293.1,80.4,67.6
2012,occupation,auxiliary work,any,230.3,80.1,31.7
2012,occupation,auxiliary work,formal,230.3,32.9,13.1
2012,occupation,auxiliary work,informal,230.3,61.1,24.2
2012,occupation,auxiliary work,both_formal_informal,230.3,14.7,17.7
2012,occupation,auxiliary work,formal_only,230.3,17.6,20.9
2012,occupation,auxiliary work,informal_only,230.3,44.7,54.2
2012,occupation,higher job,any,787.3,459.1,54.9
2012,occupation,higher job,formal,787.3,254.2,31.0
2012,occupation,higher job,informal,787.3,352.9,41.9
2012,occupation,higher job,both_formal_informal,787.3,134.0,27.3
2012,occupation,higher job,formal_only,787.3,117.9,23.9
2012,occupation,higher job,informal_only,787.3,214.8,41.4
2012,occupation,highly qualified job,any,986.8,621.2,61.4
2012,occupation,highly qualified job,formal,986.8,383.7,36.5
2012,occupation,highly qualified job,informal,986.8,449.0,42.0
2012,occupation,highly qualified job,both_formal_informal,986.8,198.1,29.1
2012,occupation,highly qualified job,formal_only,986.8,185.7,25.9
2012,occupation,highly qualified job,informal_only,986.8,261.1,37.2
2012,occupation,middle job,any,1560.0,797.7,44.6
2012,occupation,middle job,formal,1560.0,420.3,23.7
2012,occupation,middle job,informal,1560.0,577.9,33.4
2012,occupation,middle job,both_formal_informal,1560.0,197.5,24.3
2012,occupation,middle job,formal_only,1560.0,207.0,25.1
2012,occupation,middle job,informal_only,1560.0,364.4,43.5
2012,region,Burgenland,any,232.1,107.5,43.4
2012,region,Burgenland,formal,232.1,59.9,22.3
2012,region,Burgenland,informal,232.1,82.3,31.7
2012,region,Burgenland,both_formal_informal,232.1,27.7,23.3
2012,region,Burgenland,formal_only,232.1,30.2,26.6
2012,region,Burgenland,informal_only,232.1,51.0,44.8
2012,region,Carinthia,any,453.6,228.7,46.0
2012,region,Carinthia,formal,453.6,113.3,22.4
2012,region,Carinthia,informal,453.6,168.3,35.3
2012,region,Carinthia,both_formal_informal,453.6,57.3,23.9
2012,region,Carinthia,formal_only,453.6,52.3,21.0
2012,region,Carinthia,informal_only,453.6,113.3,46.9
2012,region,Lower Austria,any,1358.9,715.1,48.0
2012,region,Lower Austria,formal,1358.9,374.0,25.8
2012,region,Lower Austria,informal,1358.9,507.6,35.4
2012,region,Lower Austria,both_formal_informal,1358.9,168.7,22.6
2012,region,Lower Austria,formal_only,1358.9,202.5,26.5
2012,region,Lower Austria,informal_only,1358.9,330.8,42.7
2012,region,Salzburg,any,437.3,229.6,51.7
2012,region,Salzburg,formal,437.3,130.9,27.1
2012,region,Salzburg,informal,437.3,163.2,36.2
2012,region,Salzburg,both_formal_informal,437.3,63.7,25.1
2012,region,Salzburg,formal_only,437.3,67.6,27.8
2012,region,Salzburg,informal_only,437.3,102.5,40.8
2012,region,Styria,any,1023.9,482.5,46.0
2012,region,Styria,formal,1023.9,253.0,23.9
2012,region,Styria,informal,1023.9,352.3,33.2
2012,region,Styria,both_formal_informal,1023.9,127.4,23.3
2012,region,Styria,formal_only,1023.9,128.5,24.4
2012,region,Styria,informal_only,1023.9,237.5,44.7
2012,region,Tyrol,any,593.2,327.7,50.7
2012,region,Tyrol,formal,593.2,204.5,30.7
2012,region,Tyrol,informal,593.2,241.9,36.3
2012,region,Tyrol,both_formal_informal,593.2,107.1,32.5
2012,region,Tyrol,formal_only,593.2,88.6,25.8
2012,region,Tyrol,informal_only,593.2,124.6,36.7
2012,region,Upper Austria,any,1138.3,584.1,48.1
2012,region,Upper Austria,formal,1138.3,363.9,29.6
2012,region,Upper Austria,informal,1138.3,421.5,33.6
2012,region,Upper Austria,both_formal_informal,1138.3,197.2,30.4
2012,region,Upper Austria,formal_only,1138.3,168.9,26.6
2012,region,Upper Austria,informal_only,1138.3,232.6,35.8
2012,region,Vienna,any,1494.5,611.0,39.3
2012,region,Vienna,formal,1494.5,231.7,14.2
2012,region,Vienna,informal,1494.5,510.6,31.9
2012,region,Vienna,both_formal_informal,1494.5,126.7,19.6
2012,region,Vienna,formal_only,1494.5,106.1,16.0
2012,region,Vienna,informal_only,1494.5,383.6,58.8
2012,region,Vorarlberg,any,312.4,164.9,48.1
2012,region,Vorarlberg,formal,312.4,90.5,27.3
2012,region,Vorarlberg,informal,312.4,118.6,33.9
2012,region,Vorarlberg,both_formal_informal,312.4,43.2,24.6
2012,region,Vorarlberg,formal_only,312.4,49.2,28.2
2012,region,Vorarlberg,informal_only,312.4,70.9,41.3
2012,municipality size classes,<= 10 000 inhabitants,any,2178.2,1092.8,50.1
2012,municipality size classes,<= 10 000 inhabitants,formal,2178.2,601.0,26.4
2012,municipality size classes,<= 10 000 inhabitants,informal,2178.2,817.4,36.0
2012,municipality size classes,<= 10 000 inhabitants,both_formal_informal,2178.2,303.2,24.7
2012,municipality size classes,<= 10 000 inhabitants,formal_only,2178.2,308.4,25.4
2012,municipality size classes,<= 10 000 inhabitants,informal_only,2178.2,511.9,43.7
2012,municipality size classes,<= 100 000 inhabitants,any,1188.4,569.6,46.0
2012,municipality size classes,<= 100 000 inhabitants,formal,1188.4,269.6,21.1
2012,municipality size classes,<= 100 000 inhabitants,informal,1188.4,425.0,34.3
2012,municipality size classes,<= 100 000 inhabitants,both_formal_informal,1188.4,127.5,20.9
2012,municipality size classes,<= 100 000 inhabitants,formal_only,1188.4,141.9,24.1
2012,municipality size classes,<= 100 000 inhabitants,informal_only,1188.4,316.2,48.6
2012,municipality size classes,<= 2 500 inhabitants,any,1562.7,795.5,50.6
2012,municipality size classes,<= 2 500 inhabitants,formal,1562.7,541.5,32.7
2012,municipality size classes,<= 2 500 inhabitants,informal,1562.7,567.5,34.8
2012,municipality size classes,<= 2 500 inhabitants,both_formal_informal,1562.7,281.6,31.6
2012,municipality size classes,<= 2 500 inhabitants,formal_only,1562.7,260.3,29.1
2012,municipality size classes,<= 2 500 inhabitants,informal_only,1562.7,277.9,30.5
2012,municipality size classes,> 100 000 inhabitants,any,2271.2,959.4,41.6
2012,municipality size classes,> 100 000 inhabitants,formal,2271.2,414.9,16.6
2012,municipality size classes,> 100 000 inhabitants,informal,2271.2,806.1,32.5
2012,municipality size classes,> 100 000 inhabitants,both_formal_informal,2271.2,218.8,20.6
2012,municipality size classes,> 100 000 inhabitants,formal_only,2271.2,185.1,17.0
2012,municipality size classes,> 100 000 inhabitants,informal_only,2271.2,570.0,56.2
2012,household size,1 Person,any,1401.1,625.5,41.8
2012,household size,1 Person,formal,1401.1,300.4,19.9
2012,household size,1 Person,informal,1401.1,506.8,34.2
2012,household size,1 Person,both_formal_informal,1401.1,164.6,24.3
2012,household size,1 Person,formal_only,1401.1,128.9,18.7
2012,household size,1 Person,informal_only,1401.1,351.5,48.9
2012,household size,2 Personen,any,2568.8,1226.1,46.3
2012,household size,2 Personen,formal,2568.8,594.2,21.7
2012,household size,2 Personen,informal,2568.8,939.7,34.2
2012,household size,2 Personen,both_formal_informal,2568.8,302.4,23.1
2012,household size,2 Personen,formal_only,2568.8,277.4,21.9
2012,household size,2 Personen,informal_only,2568.8,613.3,49.8
2012,household size,3 Personen,any,1332.2,656.0,47.7
2012,household size,3 Personen,formal,1332.2,338.4,23.7
2012,household size,3 Personen,informal,1332.2,511.0,36.9
2012,household size,3 Personen,both_formal_informal,1332.2,175.0,24.4
2012,household size,3 Personen,formal_only,1332.2,158.7,23.2
2012,household size,3 Personen,informal_only,1332.2,328.0,46.6
2012,household size,4 or more persons,any,1887.9,933.3,48.6
2012,household size,4 or more persons,formal,1887.9,591.9,31.4
2012,household size,4 or more persons,informal,1887.9,642.2,32.0
2012,household size,4 or more persons,both_formal_informal,1887.9,281.5,28.5
2012,household size,4 or more persons,formal_only,1887.9,318.1,31.7
2012,household size,4 or more persons,informal_only,1887.9,354.4,35.2
2012,single-person households,men,any,653.2,310.9,46.3
2012,single-person households,men,formal,653.2,164.8,22.9
2012,single-person households,men,informal,653.2,246.9,35.7
2012,single-person households,men,both_formal_informal,653.2,95.5,28.1
2012,single-person households,men,formal_only,653.2,69.9,19.5
2012,single-person households,men,informal_only,653.2,161.3,46.4
2012,single-person households,total,any,1432.5,633.5,42.1
2012,single-person households,total,formal,1432.5,293.3,19.3
2012,single-person households,total,informal,1432.5,500.6,33.0
2012,single-person households,total,both_formal_informal,1432.5,167.1,25.0
2012,single-person households,total,formal_only,1432.5,127.7,18.6
2012,single-person households,total,informal_only,1432.5,348.0,51.4
2012,single-person households,women,any,760.3,309.3,39.1
2012,single-person households,women,formal,760.3,130.7,16.7
2012,single-person households,women,informal,760.3,259.0,31.5
2012,single-person households,women,both_formal_informal,760.3,71.9,20.8
2012,single-person households,women,formal_only,760.3,59.8,18.0
2012,single-person households,women,informal_only,760.3,181.4,53.5
2012,multi-person households,no kids,any,3952.8,1900.2,47.3
2012,multi-person households,no kids,formal,3952.8,1002.3,25.6
2012,multi-person households,no kids,informal,3952.8,1375.2,33.9
2012,multi-person households,no kids,both_formal_informal,3952.8,530.1,24.6
2012,multi-person households,no kids,formal_only,3952.8,503.9,25.4
2012,multi-person households,no kids,informal_only,3952.8,884.2,42.8
2012,multi-person households,total,any,5601.1,2803.8,45.9
2012,multi-person households,total,formal,5601.1,1513.4,24.7
2012,multi-person households,total,informal,5601.1,2099.2,34.8
2012,multi-person households,total,both_formal_informal,5601.1,741.2,24.2
2012,multi-person households,total,formal_only,5601.1,756.1,25.2
2012,multi-person households,total,informal_only,5601.1,1290.3,43.6
2012,multi-person households,with 1 kid,any,932.3,473.2,48.0
2012,multi-person households,with 1 kid,formal,932.3,243.9,23.7
2012,multi-person households,with 1 kid,informal,932.3,349.9,36.9
2012,multi-person households,with 1 kid,both_formal_informal,932.3,129.8,24.9
2012,multi-person households,with 1 kid,formal_only,932.3,111.9,23.0
2012,multi-person households,with 1 kid,informal_only,932.3,234.9,46.0
2012,multi-person households,with 2 or more kids,any,880.1,443.2,46.0
2012,multi-person households,with 2 or more kids,formal,880.1,246.3,26.5
2012,multi-person households,with 2 or more kids,informal,880.1,297.3,31.9
2012,multi-person households,with 2 or more kids,both_formal_informal,880.1,117.9,24.7
2012,multi-person households,with 2 or more kids,formal_only,880.1,136.4,29.5
2012,multi-person households,with 2 or more kids,informal_only,880.1,183.6,40.6
2012,multi-person households,with kids,any,1817.5,910.0,47.1
2012,multi-person households,with kids,formal,1817.5,490.9,25.2
2012,multi-person households,with kids,informal,1817.5,676.8,34.5
2012,multi-person households,with kids,both_formal_informal,1817.5,238.2,24.3
2012,multi-person households,with kids,formal_only,1817.5,254.9,24.8
2012,multi-person households,with kids,informal_only,1817.5,426.8,42.7
2016,total,total,any,7120.0,3539.0,48.7
2016,total,total,formal,7120.0,1849.1,25.5
2016,total,total,informal,7120.0,2727.7,34.8
2016,total,total,both_formal_informal,7120.0,973.7,26.4
2016,total,total,formal_only,7120.0,941.8,24.7
2016,total,total,informal_only,7120.0,1704.3,46.1
2016,gender,men,any,3561.5,1873.5,49.9
2016,gender,men,formal,3561.5,1108.1,30.3
2016,gender,men,informal,3561.5,1299.2,36.5
2016,gender,men,both_formal_informal,3561.5,548.7,28.0
2016,gender,men,formal_only,3561.5,534.3,28.5
2016,gender,men,informal_only,3561.5,766.3,39.6
2016,gender,women,any,3741.6,1768.2,45.4
2016,gender,women,formal,3741.6,782.9,20.4
2016,gender,women,informal,3741.6,1344.7,35.0
2016,gender,women,both_formal_informal,3741.6,403.3,22.8
2016,gender,women,formal_only,3741.6,375.3,21.8
2016,gender,women,informal_only,3741.6,915.5,53.6
2016,age,30–39,any,1268.8,655.1,50.7
2016,age,30–39,formal,1268.8,312.4,24.7
2016,age,30–39,informal,1268.8,477.6,36.5
2016,age,30–39,both_formal_informal,1268.8,150.3,23.6
2016,age,30–39,formal_only,1268.8,160.5,24.0
2016,age,30–39,informal_only,1268.8,320.0,50.7
2016,age,40–49,any,1170.5,632.3,52.0
2016,age,40–49,formal,1170.5,342.9,27.8
2016,age,40–49,informal,1170.5,454.5,38.3
2016,age,40–49,both_formal_informal,1170.5,186.2,29.5
2016,age,40–49,formal_only,1170.5,151.5,23.3
2016,age,40–49,informal_only,1170.5,269.7,42.2
2016,age,50–59,any,1337.1,716.0,54.6
2016,age,50–59,formal,1337.1,390.0,27.7
2016,age,50–59,informal,1337.1,537.2,40.3
2016,age,50–59,both_formal_informal,1337.1,208.0,26.5
2016,age,50–59,formal_only,1337.1,177.4,24.4
2016,age,50–59,informal_only,1337.1,333.4,44.9
2016,age,60–69,any,1101.2,546.2,49.1
2016,age,60–69,formal,1101.2,264.7,23.5
2016,age,60–69,informal,1101.2,425.2,39.5
2016,age,60–69,both_formal_informal,1101.2,151.3,26.8
2016,age,60–69,formal_only,1101.2,110.7,20.0
2016,age,60–69,informal_only,1101.2,292.8,49.9
2016,age,70–79,any,667.6,283.2,40.2
2016,age,70–79,formal,667.6,157.3,22.0
2016,age,70–79,informal,667.6,207.8,29.5
2016,age,70–79,both_formal_informal,667.6,84.1,27.9
2016,age,70–79,formal_only,667.6,77.8,26.2
2016,age,70–79,informal_only,667.6,116.7,41.2
2016,age,>80,any,478.1,120.2,24.5
2016,age,>80,formal,478.1,58.2,12.1
2016,age,>80,informal,478.1,80.2,16.5
2016,age,>80,both_formal_informal,478.1,22.4,19.1
2016,age,>80,formal_only,478.1,35.5,28.8
2016,age,>80,informal_only,478.1,58.5,48.5
2016,age,<30,any,1410.4,663.7,47.2
2016,age,<30,formal,1410.4,365.5,25.5
2016,age,<30,informal,1410.4,462.5,32.7
2016,age,<30,both_formal_informal,1410.4,155.9,22.5
2016,age,<30,formal_only,1410.4,208.5,29.1
2016,age,<30,informal_only,1410.4,309.1,43.8
2016,education,(max.) Compulsory education,any,1576.1,488.2,31.3
2016,education,(max.) Compulsory education,formal,1576.1,207.2,13.4
2016,education,(max.) Compulsory education,informal,1576.1,375.0,22.2
2016,education,(max.) Compulsory education,both_formal_informal,1576.1,93.2,18.5
2016,education,(max.) Compulsory education,formal_only,1576.1,123.8,23.5
2016,education,(max.) Compulsory education,informal_only,1576.1,277.8,55.7
2016,education,matura,any,1236.1,706.3,55.2
2016,education,matura,formal,1236.1,387.9,29.5
2016,education,matura,informal,1236.1,510.9,42.3
2016,education,matura,both_formal_informal,1236.1,200.5,28.0
2016,education,matura,formal_only,1236.1,186.0,25.0
2016,education,matura,informal_only,1236.1,324.7,42.9
2016,education,"teaching, BMS",any,3304.9,1628.2,48.1
2016,education,"teaching, BMS",formal,3304.9,837.7,23.8
2016,education,"teaching, BMS",informal,3304.9,1209.4,35.5
2016,education,"teaching, BMS",both_formal_informal,3304.9,432.6,24.9
2016,education,"teaching, BMS",formal_only,3304.9,407.5,24.7
2016,education,"teaching, BMS",informal_only,3304.9,800.1,47.5
2016,education,university,any,1226.0,783.4,65.0
2016,education,university,formal,1226.0,467.7,35.6
2016,education,university,informal,1226.0,597.8,46.1
2016,education,university,both_formal_informal,1226.0,244.5,29.0
2016,education,university,formal_only,1226.0,204.8,25.1
2016,education,university,informal_only,1226.0,349.3,42.0
2016,citizenship,Austria,any,5960.0,3195.4,50.0
2016,citizenship,Austria,formal,5960.0,1691.5,26.2
2016,citizenship,Austria,informal,5960.0,2364.7,36.3
2016,citizenship,Austria,both_formal_informal,5960.0,851.6,26.4
2016,citizenship,Austria,formal_only,5960.0,837.9,25.2
2016,citizenship,Austria,informal_only,5960.0,1498.9,45.4
2016,citizenship,not Austria,any,1251.1,432.3,35.9
2016,citizenship,not Austria,formal,1251.1,186.4,14.4
2016,citizenship,not Austria,informal,1251.1,362.1,28.6
2016,citizenship,not Austria,both_formal_informal,1251.1,94.4,20.6
2016,citizenship,not Austria,formal_only,1251.1,89.9,19.1
2016,citizenship,not Austria,informal_only,1251.1,262.4,54.7
2016,birth_country,Austria,any,5773.4,2977.7,52.2
2016,birth_country,Austria,formal,5773.4,1674.4,27.3
2016,birth_country,Austria,informal,5773.4,2223.7,37.3
2016,birth_country,Austria,both_formal_informal,5773.4,840.1,27.1
2016,birth_country,Austria,formal_only,5773.4,805.8,25.4
2016,birth_country,Austria,informal_only,5773.4,1382.6,45.2
2016,birth_country,not Austria,any,1625.2,568.7,35.1
2016,birth_country,not Austria,formal,1625.2,247.4,14.7
2016,birth_country,not Austria,informal,1625.2,453.5,28.6
2016,birth_country,not Austria,both_formal_informal,1625.2,120.9,20.8
2016,birth_country,not Austria,formal_only,1625.2,121.1,20.1
2016,birth_country,not Austria,informal_only,1625.2,346.3,54.7
2016,migration,1. Generation,any,1458.9,536.6,33.5
2016,migration,1. Generation,formal,1458.9,220.8,14.3
2016,migration,1. Generation,informal,1458.9,409.9,27.8
2016,migration,1. Generation,both_formal_informal,1458.9,110.6,19.2
2016,migration,1. Generation,formal_only,1458.9,107.5,19.7
2016,migration,1. Generation,informal_only,1458.9,313.6,58.2
2016,migration,2. Generation,any,316.8,114.0,36.7
2016,migration,2. Generation,formal,316.8,39.5,12.1
2016,migration,2. Generation,informal,316.8,90.9,29.0
2016,migration,2. Generation,both_formal_informal,316.8,16.3,13.2
2016,migration,2. Generation,formal_only,316.8,23.5,20.3
2016,migration,2. Generation,informal_only,316.8,78.3,62.8
2016,migration,no migration background,any,5456.0,2900.5,53.1
2016,migration,no migration background,formal,5456.0,1598.5,28.0
2016,migration,no migration background,informal,5456.0,2172.5,39.1
2016,migration,no migration background,both_formal_informal,5456.0,856.8,26.7
2016,migration,no migration background,formal_only,5456.0,789.2,26.2
2016,migration,no migration background,informal_only,5456.0,1307.5,43.9
2016,employment,employed,any,3754.4,2077.7,53.9
2016,employment,employed,formal,3754.4,1165.5,28.9
2016,employment,employed,informal,3754.4,1525.9,37.7
2016,employment,employed,both_formal_informal,3754.4,576.8,27.5
2016,employment,employed,formal_only,3754.4,573.7,26.1
2016,employment,employed,informal_only,3754.4,949.0,44.1
2016,employment,household leader,any,404.6,193.6,46.8
2016,employment,household leader,formal,404.6,88.4,21.1
2016,employment,household leader,informal,404.6,141.6,34.3
2016,employment,household leader,both_formal_informal,404.6,40.9,19.5
2016,employment,household leader,formal_only,404.6,50.7,24.4
2016,employment,household leader,informal_only,404.6,103.1,53.1
2016,employment,in training,any,576.3,294.9,52.3
2016,employment,in training,formal,576.3,161.1,28.1
2016,employment,in training,informal,576.3,201.8,34.2
2016,employment,in training,both_formal_informal,576.3,65.4,21.0
2016,employment,in training,formal_only,576.3,93.8,30.8
2016,employment,in training,informal_only,576.3,139.8,45.0
2016,employment,miscellaneous,any,278.6,119.2,41.7
2016,employment,miscellaneous,formal,278.6,61.7,22.4
2016,employment,miscellaneous,informal,278.6,105.9,36.6
2016,employment,miscellaneous,both_formal_informal,278.6,44.3,37.4
2016,employment,miscellaneous,formal_only,278.6,16.4,13.5
2016,employment,miscellaneous,informal_only,278.6,57.5,47.0
2016,employment,retired,any,1934.1,809.9,40.3
2016,employment,retired,formal,1934.1,406.5,20.3
2016,employment,retired,informal,1934.1,629.6,31.4
2016,employment,retired,both_formal_informal,1934.1,213.4,26.1
2016,employment,retired,formal_only,1934.1,189.6,22.6
2016,employment,retired,informal_only,1934.1,397.0,48.0
2016,employment,unemployed,any,304.9,111.9,36.0
2016,employment,unemployed,formal,304.9,31.5,10.1
2016,employment,unemployed,informal,304.9,98.0,32.4
2016,employment,unemployed,both_formal_informal,304.9,16.9,14.0
2016,employment,unemployed,formal_only,304.9,14.7,12.4
2016,employment,unemployed,informal_only,304.9,83.6,68.7
2016,occupation,auxiliary work,any,242.3,81.6,31.5
2016,occupation,auxiliary work,formal,242.3,34.2,13.3
2016,occupation,auxiliary work,informal,242.3,63.0,24.3
2016,occupation,auxiliary work,both_formal_informal,242.3,14.7,18.4
2016,occupation,auxiliary work,formal_only,242.3,18.4,22.9
2016,occupation,auxiliary work,informal_only,242.3,46.8,55.4
2016,occupation,higher job,any,782.6,487.8,59.5
2016,occupation,higher job,formal,782.6,265.4,31.6
2016,occupation,higher job,informal,782.6,349.8,42.6
2016,occupation,higher job,both_formal_informal,782.6,134.9,27.4
2016,occupation,higher job,formal_only,782.6,123.6,24.7
2016,occupation,higher job,informal_only,782.6,216.8,42.8
2016,occupation,highly qualified job,any,992.4,646.3,62.0
2016,occupation,highly qualified job,formal,992.4,401.3,36.7
2016,occupation,highly qualified job,informal,992.4,458.0,43.7
2016,occupation,highly qualified job,both_formal_informal,992.4,200.3,29.3
2016,occupation,highly qualified job,formal_only,992.4,189.6,27.1
2016,occupation,highly qualified job,informal_only,992.4,259.7,39.6
2016,occupation,middle job,any,1631.8,836.3,48.2
2016,occupation,middle job,formal,1631.8,434.4,24.8
2016,occupation,middle job,informal,1631.8,585.6,33.6
2016,occupation,middle job,both_formal_informal,1631.8,204.1,25.5
2016,occupation,middle job,formal_only,1631.8,223.0,26.4
2016,occupation,middle job,informal_only,1631.8,393.0,46.7
2016,region,Burgenland,any,242.5,114.9,44.0
2016,region,Burgenland,formal,242.5,61.8,23.0
2016,region,Burgenland,informal,242.5,82.7,32.8
2016,region,Burgenland,both_formal_informal,242.5,29.4,23.8
2016,region,Burgenland,formal_only,242.5,32.2,27.2
2016,region,Burgenland,informal_only,242.5,54.9,47.1
2016,region,Carinthia,any,457.9,228.5,49.4
2016,region,Carinthia,formal,457.9,117.0,23.3
2016,region,Carinthia,informal,457.9,176.5,36.7
2016,region,Carinthia,both_formal_informal,457.9,60.6,25.5
2016,region,Carinthia,formal_only,457.9,55.0,22.0
2016,region,Carinthia,informal_only,457.9,122.1,48.2
2016,region,Lower Austria,any,1424.4,714.2,51.4
2016,region,Lower Austria,formal,1424.4,389.2,26.7
2016,region,Lower Austria,informal,1424.4,531.0,36.2
2016,region,Lower Austria,both_formal_informal,1424.4,184.0,24.2
2016,region,Lower Austria,formal_only,1424.4,205.7,27.6
2016,region,Lower Austria,informal_only,1424.4,338.6,44.3
2016,region,Salzburg,any,444.0,250.0,51.9
2016,region,Salzburg,formal,444.0,136.9,28.9
2016,region,Salzburg,informal,444.0,173.6,37.6
2016,region,Salzburg,both_formal_informal,444.0,63.2,25.6
2016,region,Salzburg,formal_only,444.0,69.8,27.4
2016,region,Salzburg,informal_only,444.0,108.8,42.0
2016,region,Styria,any,1028.7,502.4,48.2
2016,region,Styria,formal,1028.7,263.4,24.0
2016,region,Styria,informal,1028.7,358.4,33.7
2016,region,Styria,both_formal_informal,1028.7,129.2,25.2
2016,region,Styria,formal_only,1028.7,136.4,25.8
2016,region,Styria,informal_only,1028.7,234.8,46.6
2016,region,Tyrol,any,630.8,343.0,52.3
2016,region,Tyrol,formal,630.8,209.3,32.5
2016,region,Tyrol,informal,630.8,240.8,37.4
2016,region,Tyrol,both_formal_informal,630.8,116.6,32.5
2016,region,Tyrol,formal_only,630.8,90.2,26.4
2016,region,Tyrol,informal_only,630.8,133.0,39.0
2016,region,Upper Austria,any,1242.7,623.4,50.6
2016,region,Upper Austria,formal,1242.7,384.7,29.2
2016,region,Upper Austria,informal,1242.7,446.2,35.1
2016,region,Upper Austria,both_formal_informal,1242.7,205.0,31.6
2016,region,Upper Austria,formal_only,1242.7,179.0,26.6
2016,region,Upper Austria,informal_only,1242.7,244.0,39.1
2016,region,Vienna,any,1605.4,638.9,39.1
2016,region,Vienna,formal,1605.4,238.4,14.9
2016,region,Vienna,informal,1605.4,539.3,32.6
2016,region,Vienna,both_formal_informal,1605.4,136.0,19.6
2016,region,Vienna,formal_only,1605.4,110.7,16.8
2016,region,Vienna,informal_only,1605.4,415.1,59.3
2016,region,Vorarlberg,any,315.7,171.8,52.1
2016,region,Vorarlberg,formal,315.7,97.3,29.0
2016,region,Vorarlberg,informal,315.7,122.2,35.5
2016,region,Vorarlberg,both_formal_informal,315.7,44.5,26.1
2016,region,Vorarlberg,formal_only,315.7,51.5,28.3
2016,region,Vorarlberg,informal_only,315.7,76.9,43.8
2016,municipality size classes,<= 10 000 inhabitants,any,2196.6,1155.8,51.0
2016,municipality size classes,<= 10 000 inhabitants,formal,2196.6,640.1,27.9
2016,municipality size classes,<= 10 000 inhabitants,informal,2196.6,811.3,37.6
2016,municipality size classes,<= 10 000 inhabitants,both_formal_informal,2196.6,313.3,25.2
2016,municipality size classes,<= 10 000 inhabitants,formal_only,2196.6,322.9,26.0
2016,municipality size classes,<= 10 000 inhabitants,informal_only,2196.6,530.3,43.5
2016,municipality size classes,<= 100 000 inhabitants,any,1194.6,600.1,46.8
2016,municipality size classes,<= 100 000 inhabitants,formal,1194.6,286.7,23.0
2016,municipality size classes,<= 100 000 inhabitants,informal,1194.6,451.6,34.7
2016,municipality size classes,<= 100 000 inhabitants,both_formal_informal,1194.6,129.5,21.0
2016,municipality size classes,<= 100 000 inhabitants,formal_only,1194.6,153.5,23.5
2016,municipality size classes,<= 100 000 inhabitants,informal_only,1194.6,324.5,52.0
2016,municipality size classes,<= 2 500 inhabitants,any,1559.8,853.2,52.8
2016,municipality size classes,<= 2 500 inhabitants,formal,1559.8,544.3,33.7
2016,municipality size classes,<= 2 500 inhabitants,informal,1559.8,569.2,35.1
2016,municipality size classes,<= 2 500 inhabitants,both_formal_informal,1559.8,291.3,32.3
2016,municipality size classes,<= 2 500 inhabitants,formal_only,1559.8,265.7,30.7
2016,municipality size classes,<= 2 500 inhabitants,informal_only,1559.8,290.0,32.6
2016,municipality size classes,> 100 000 inhabitants,any,2323.9,1011.2,41.4
2016,municipality size classes,> 100 000 inhabitants,formal,2323.9,427.1,17.1
2016,municipality size classes,> 100 000 inhabitants,informal,2323.9,816.7,33.8
2016,municipality size classes,> 100 000 inhabitants,both_formal_informal,2323.9,226.2,21.8
2016,municipality size classes,> 100 000 inhabitants,formal_only,2323.9,185.4,18.5
2016,municipality size classes,> 100 000 inhabitants,informal_only,2323.9,608.4,57.8
2016,household size,1 Person,any,1441.8,651.8,43.0
2016,household size,1 Person,formal,1441.8,312.1,20.3
2016,household size,1 Person,informal,1441.8,541.7,34.1
2016,household size,1 Person,both_formal_informal,1441.8,176.1,24.8
2016,household size,1 Person,formal_only,1441.8,135.5,19.7
2016,household size,1 Person,informal_only,1441.8,345.1,53.1
2016,household size,2 Personen,any,2538.0,1239.7,46.3
2016,household size,2 Personen,formal,2538.0,597.0,22.8
2016,household size,2 Personen,informal,2538.0,956.0,35.9
2016,household size,2 Personen,both_formal_informal,2538.0,315.8,23.7
2016,household size,2 Personen,formal_only,2538.0,285.3,22.6
2016,household size,2 Personen,informal_only,2538.0,642.3,49.7
2016,household size,3 Personen,any,1322.7,684.0,48.5
2016,household size,3 Personen,formal,1322.7,342.3,24.4
2016,household size,3 Personen,informal,1322.7,530.0,37.7
2016,household size,3 Personen,both_formal_informal,1322.7,182.2,25.5
2016,household size,3 Personen,formal_only,1322.7,168.1,23.6
2016,household size,3 Personen,informal_only,1322.7,341.6,49.4
2016,household size,4 or more persons,any,1931.4,991.4,49.1
2016,household size,4 or more persons,formal,1931.4,612.3,31.7
2016,household size,4 or more persons,informal,1931.4,674.5,34.4
2016,household size,4 or more persons,both_formal_informal,1931.4,299.0,29.7
2016,household size,4 or more persons,formal_only,1931.4,320.9,31.7
2016,household size,4 or more persons,informal_only,1931.4,365.5,34.9
2016,single-person households,men,any,691.2,320.8,47.2
2016,single-person households,men,formal,691.2,167.5,23.4
2016,single-person households,men,informal,691.2,266.8,37.5
2016,single-person households,men,both_formal_informal,691.2,100.1,28.2
2016,single-person households,men,formal_only,691.2,71.5,21.1
2016,single-person households,men,informal_only,691.2,163.2,48.1
2016,single-person households,total,any,1487.4,665.7,43.1
2016,single-person households,total,formal,1487.4,307.9,20.0
2016,single-person households,total,informal,1487.4,516.1,34.8
2016,single-person households,total,both_formal_informal,1487.4,172.1,25.8
2016,single-person households,total,formal_only,1487.4,128.8,20.0
2016,single-person households,total,informal_only,1487.4,347.0,51.8
2016,single-person households,women,any,767.0,336.4,40.1
2016,single-person households,women,formal,767.0,139.6,17.4
2016,single-person households,women,informal,767.0,259.5,34.0
2016,single-person households,women,both_formal_informal,767.0,76.3,21.6
2016,single-person households,women,formal_only,767.0,60.6,18.6
2016,single-person households,women,informal_only,767.0,191.4,56.2
2016,multi-person households,no kids,any,3969.2,2013.4,49.8
2016,multi-person households,no kids,formal,3969.2,1053.5,26.4
2016,multi-person households,no kids,informal,3969.2,1452.9,34.8
2016,multi-person households,no kids,both_formal_informal,3969.2,521.0,25.6
2016,multi-person households,no kids,formal_only,3969.2,528.7,26.1
2016,multi-person households,no kids,informal_only,3969.2,936.4,45.5
2016,multi-person households,total,any,5823.1,2933.7,48.8
2016,multi-person households,total,formal,5823.1,1606.5,25.7
2016,multi-person households,total,informal,5823.1,2209.7,35.6
2016,multi-person households,total,both_formal_informal,5823.1,806.4,26.1
2016,multi-person households,total,formal_only,5823.1,789.1,25.3
2016,multi-person households,total,informal_only,5823.1,1380.9,45.6
2016,multi-person households,with 1 kid,any,927.8,481.2,50.1
2016,multi-person households,with 1 kid,formal,927.8,245.8,25.1
2016,multi-person households,with 1 kid,informal,927.8,365.6,37.3
2016,multi-person households,with 1 kid,both_formal_informal,927.8,131.2,25.6
2016,multi-person households,with 1 kid,formal_only,927.8,118.6,23.0
2016,multi-person households,with 1 kid,informal_only,927.8,234.4,48.0
2016,multi-person households,with 2 or more kids,any,919.4,470.3,48.9
2016,multi-person households,with 2 or more kids,formal,919.4,258.9,27.8
2016,multi-person households,with 2 or more kids,informal,919.4,312.0,34.0
2016,multi-person households,with 2 or more kids,both_formal_informal,919.4,118.8,25.7
2016,multi-person households,with 2 or more kids,formal_only,919.4,141.5,30.2
2016,multi-person households,with 2 or more kids,informal_only,919.4,195.2,40.1
2016,multi-person households,with kids,any,1909.5,955.3,49.9
2016,multi-person households,with kids,formal,1909.5,506.0,26.0
2016,multi-person households,with kids,informal,1909.5,679.8,36.7
2016,multi-person households,with kids,both_formal_informal,1909.5,252.9,26.5
2016,multi-person households,with kids,formal_only,1909.5,264.0,26.6
2016,multi-person households,with kids,informal_only,1909.5,442.4,45.0
2022,total,total,any,7555.0,3728.5,49.4
2022,total,total,formal,7555.0,1947.9,25.8
2022,total,total,informal,7555.0,2772.6,36.7
2022,total,total,both_formal_informal,7555.0,992.1,26.6
2022,total,total,formal_only,7555.0,955.8,25.6
2022,total,total,informal_only,7555.0,1780.5,47.8
2022,gender,men,any,3702.6,1938.4,52.4
2022,gender,men,formal,3702.6,1130.1,30.5
2022,gender,men,informal,3702.6,1378.6,37.2
2022,gender,men,both_formal_informal,3702.6,570.3,29.4
2022,gender,men,formal_only,3702.6,559.8,28.9
2022,gender,men,informal_only,3702.6,808.2,41.7
2022,gender,women,any,3852.4,1790.1,46.5
2022,gender,women,formal,3852.4,817.8,21.2
2022,gender,women,informal,3852.4,1394.0,36.2
2022,gender,women,both_formal_informal,3852.4,421.8,23.6
2022,gender,women,formal_only,3852.4,396.0,22.1
2022,gender,women,informal_only,3852.4,972.3,54.3
2022,age,30–39,any,1276.8,660.0,51.7
2022,age,30–39,formal,1276.8,322.4,25.3
2022,age,30–39,informal,1276.8,494.6,38.7
2022,age,30–39,both_formal_informal,1276.8,157.1,23.8
2022,age,30–39,formal_only,1276.8,165.4,25.1
2022,age,30–39,informal_only,1276.8,337.6,51.2
2022,age,40–49,any,1198.3,636.7,53.1
2022,age,40–49,formal,1198.3,353.2,29.5
2022,age,40–49,informal,1198.3,480.1,40.1
2022,age,40–49,both_formal_informal,1198.3,196.6,30.9
2022,age,40–49,formal_only,1198.3,156.6,24.6
2022,age,40–49,informal_only,1198.3,283.5,44.5
2022,age,50–59,any,1366.2,752.7,55.1
2022,age,50–59,formal,1366.2,398.0,29.1
2022,age,50–59,informal,1366.2,564.2,41.3
2022,age,50–59,both_formal_informal,1366.2,209.5,27.8
2022,age,50–59,formal_only,1366.2,188.5,25.0
2022,age,50–59,informal_only,1366.2,354.7,47.1
2022,age,60–69,any,1107.4,568.2,51.3
2022,age,60–69,formal,1107.4,271.2,24.5
2022,age,60–69,informal,1107.4,452.0,40.8
2022,age,60–69,both_formal_informal,1107.4,155.0,27.3
2022,age,60–69,formal_only,1107.4,116.2,20.5
2022,age,60–69,informal_only,1107.4,297.0,52.3
2022,age,70–79,any,698.0,287.7,41.2
2022,age,70–79,formal,698.0,163.6,23.4
2022,age,70–79,informal,698.0,209.4,30.0
2022,age,70–79,both_formal_informal,698.0,85.4,29.7
2022,age,70–79,formal_only,698.0,78.2,27.2
2022,age,70–79,informal_only,698.0,124.0,43.1
2022,age,>80,any,485.1,122.2,25.2
2022,age,>80,formal,485.1,61.1,12.6
2022,age,>80,informal,485.1,84.8,17.5
2022,age,>80,both_formal_informal,485.1,23.7,19.4
2022,age,>80,formal_only,485.1,37.4,30.6
2022,age,>80,informal_only,485.1,61.1,50.0
2022,age,<30,any,1423.1,701.0,49.3
2022,age,<30,formal,1423.1,378.4,26.6
2022,age,<30,informal,1423.1,487.5,34.3
2022,age,<30,both_formal_informal,1423.1,164.9,23.5
2022,age,<30,formal_only,1423.1,213.5,30.5
2022,age,<30,informal_only,1423.1,322.6,46.0
2022,education,(max.) Compulsory education,any,1602.2,504.8,31.5
2022,education,(max.) Compulsory education,formal,1602.2,220.8,13.8
2022,education,(max.) Compulsory education,informal,1602.2,380.3,23.7
2022,education,(max.) Compulsory education,both_formal_informal,1602.2,96.3,19.1
2022,education,(max.) Compulsory education,formal_only,1602.2,124.5,24.7
2022,education,(max.) Compulsory education,informal_only,1602.2,284.0,56.3
2022,education,matura,any,1250.0,720.9,57.7
2022,education,matura,formal,1250.0,392.3,31.4
2022,education,matura,informal,1250.0,532.8,42.6
2022,education,matura,both_formal_informal,1250.0,204.2,28.3
2022,education,matura,formal_only,1250.0,188.1,26.1
2022,education,matura,informal_only,1250.0,328.6,45.6
2022,education,"teaching, BMS",any,3458.1,1681.0,48.6
2022,education,"teaching, BMS",formal,3458.1,864.6,25.0
2022,education,"teaching, BMS",informal,3458.1,1254.8,36.3
2022,education,"teaching, BMS",both_formal_informal,3458.1,438.4,26.1
2022,education,"teaching, BMS",formal_only,3458.1,426.2,25.4
2022,education,"teaching, BMS",informal_only,3458.1,816.4,48.6
2022,education,university,any,1244.6,821.8,66.0
2022,education,university,formal,1244.6,470.3,37.8
2022,education,university,informal,1244.6,604.8,48.6
2022,education,university,both_formal_informal,1244.6,253.3,30.8
2022,education,university,formal_only,1244.6,217.0,26.4
2022,education,university,informal_only,1244.6,351.5,42.8
2022,citizenship,Austria,any,6288.7,3270.3,52.0
2022,citizenship,Austria,formal,6288.7,1756.5,27.9
2022,citizenship,Austria,informal,6288.7,2407.7,38.3
2022,citizenship,Austria,both_formal_informal,6288.7,893.9,27.3
2022,citizenship,Austria,formal_only,6288.7,862.6,26.4
2022,citizenship,Austria,informal_only,6288.7,1513.8,46.3
2022,citizenship,not Austria,any,1266.4,458.1,36.2
2022,citizenship,not Austria,formal,1266.4,191.4,15.1
2022,citizenship,not Austria,informal,1266.4,364.9,28.8
2022,citizenship,not Austria,both_formal_informal,1266.4,98.2,21.4
2022,citizenship,not Austria,formal_only,1266.4,93.2,20.3
2022,citizenship,not Austria,informal_only,1266.4,266.7,58.2
2022,birth_country,Austria,any,5905.4,3123.2,52.9
2022,birth_country,Austria,formal,5905.4,1694.4,28.7
2022,birth_country,Austria,informal,5905.4,2292.3,38.8
2022,birth_country,Austria,both_formal_informal,5905.4,863.5,27.6
2022,birth_country,Austria,formal_only,5905.4,830.9,26.6
2022,birth_country,Austria,informal_only,5905.4,1428.8,45.7
2022,birth_country,not Austria,any,1649.6,605.3,36.7
2022,birth_country,not Austria,formal,1649.6,253.6,15.4
2022,birth_country,not Austria,informal,1649.6,480.4,29.1
2022,birth_country,not Austria,both_formal_informal,1649.6,128.6,21.3
2022,birth_country,not Austria,formal_only,1649.6,124.9,20.6
2022,birth_country,not Austria,informal_only,1649.6,351.7,58.1
2022,migration,1. Generation,any,1544.8,546.2,35.4
2022,migration,1. Generation,formal,1544.8,224.1,14.5
2022,migration,1. Generation,informal,1544.8,433.2,28.0
2022,migration,1. Generation,both_formal_informal,1544.8,111.1,20.3
2022,migration,1. Generation,formal_only,1544.8,113.1,20.7
2022,migration,1. Generation,informal_only,1544.8,322.1,59.0
2022,migration,2. Generation,any,323.7,121.4,37.5
2022,migration,2. Generation,formal,323.7,41.5,12.8
2022,migration,2. Generation,informal,323.7,96.4,29.8
2022,migration,2. Generation,both_formal_informal,323.7,16.6,13.7
2022,migration,2. Generation,formal_only,323.7,25.0,20.6
2022,migration,2. Generation,informal_only,323.7,79.9,65.8
2022,migration,no migration background,any,5686.4,3060.8,53.8
2022,migration,no migration background,formal,5686.4,1682.3,29.6
2022,migration,no migration background,informal,5686.4,2243.0,39.4
2022,migration,no migration background,both_formal_informal,5686.4,864.5,28.2
2022,migration,no migration background,formal_only,5686.4,817.8,26.7
2022,migration,no migration background,informal_only,5686.4,1378.5,45.0
2022,employment,employed,any,3922.1,2132.8,54.4
2022,employment,employed,formal,3922.1,1173.0,29.9
2022,employment,employed,informal,3922.1,1555.1,39.6
2022,employment,employed,both_formal_informal,3922.1,595.3,27.9
2022,employment,employed,formal_only,3922.1,577.7,27.1
2022,employment,employed,informal_only,3922.1,959.8,45.0
2022,employment,household leader,any,414.9,201.3,48.5
2022,employment,household leader,formal,414.9,93.0,22.4
2022,employment,household leader,informal,414.9,150.1,36.2
2022,employment,household leader,both_formal_informal,414.9,41.8,20.8
2022,employment,household leader,formal_only,414.9,51.2,25.4
2022,employment,household leader,informal_only,414.9,108.3,53.8
2022,employment,in training,any,581.8,308.5,53.0
2022,employment,in training,formal,581.8,165.4,28.4
2022,employment,in training,informal,581.8,211.8,36.4
2022,employment,in training,both_formal_informal,581.8,68.8,22.3
2022,employment,in training,formal_only,581.8,96.6,31.3
2022,employment,in training,informal_only,581.8,143.0,46.4
2022,employment,miscellaneous,any,279.8,124.2,44.4
2022,employment,miscellaneous,formal,279.8,63.9,22.8
2022,employment,miscellaneous,informal,279.8,107.3,38.4
2022,employment,miscellaneous,both_formal_informal,279.8,47.0,37.9
2022,employment,miscellaneous,formal_only,279.8,16.9,13.6
2022,employment,miscellaneous,informal_only,279.8,60.3,48.5
2022,employment,retired,any,2045.5,843.2,41.2
2022,employment,retired,formal,2045.5,419.9,20.5
2022,employment,retired,informal,2045.5,645.4,31.6
2022,employment,retired,both_formal_informal,2045.5,222.1,26.3
2022,employment,retired,formal_only,2045.5,197.8,23.5
2022,employment,retired,informal_only,2045.5,423.3,50.2
2022,employment,unemployed,any,310.9,118.4,38.1
2022,employment,unemployed,formal,310.9,32.6,10.5
2022,employment,unemployed,informal,310.9,102.8,33.1
2022,employment,unemployed,both_formal_informal,310.9,17.1,14.4
2022,employment,unemployed,formal_only,310.9,15.5,13.1
2022,employment,unemployed,informal_only,310.9,85.8,72.4
2022,occupation,auxiliary work,any,251.8,83.4,33.1
2022,occupation,auxiliary work,formal,251.8,34.7,13.8
2022,occupation,auxiliary work,informal,251.8,64.2,25.5
2022,occupation,auxiliary work,both_formal_informal,251.8,15.5,18.6
2022,occupation,auxiliary work,formal_only,251.8,19.2,23.0
2022,occupation,auxiliary work,informal_only,251.8,48.7,58.4
2022,occupation,higher job,any,824.5,495.9,60.1
2022,occupation,higher job,formal,824.5,271.5,32.9
2022,occupation,higher job,informal,824.5,367.6,44.6
2022,occupation,higher job,both_formal_informal,824.5,143.2,28.9
2022,occupation,higher job,formal_only,824.5,128.3,25.9
2022,occupation,higher job,informal_only,824.5,224.4,45.2
2022,occupation,highly qualified job,any,1053.1,681.9,64.8
2022,occupation,highly qualified job,formal,1053.1,406.3,38.6
2022,occupation,highly qualified job,informal,1053.1,487.7,46.3
2022,occupation,highly qualified job,both_formal_informal,1053.1,212.0,31.1
2022,occupation,highly qualified job,formal_only,1053.1,194.3,28.5
2022,occupation,highly qualified job,informal_only,1053.1,275.6,40.4
2022,occupation,middle job,any,1719.4,840.0,48.9
2022,occupation,middle job,formal,1719.4,443.3,25.8
2022,occupation,middle job,informal,1719.4,613.3,35.7
2022,occupation,middle job,both_formal_informal,1719.4,216.7,25.8
2022,occupation,middle job,formal_only,1719.4,226.6,27.0
2022,occupation,middle job,informal_only,1719.4,396.6,47.2
2022,region,Burgenland,any,255.0,118.7,46.5
2022,region,Burgenland,formal,255.0,62.6,24.5
2022,region,Burgenland,informal,255.0,85.8,33.6
2022,region,Burgenland,both_formal_informal,255.0,29.6,25.0
2022,region,Burgenland,formal_only,255.0,32.9,27.7
2022,region,Burgenland,informal_only,255.0,56.1,47.3
2022,region,Carinthia,any,481.8,241.5,50.1
2022,region,Carinthia,formal,481.8,117.9,24.5
2022,region,Carinthia,informal,481.8,185.6,38.5
2022,region,Carinthia,both_formal_informal,481.8,62.0,25.7
2022,region,Carinthia,formal_only,481.8,55.9,23.1
2022,region,Carinthia,informal_only,481.8,123.6,51.2
2022,region,Lower Austria,any,1435.3,754.8,52.6
2022,region,Lower Austria,formal,1435.3,400.9,27.9
2022,region,Lower Austria,informal,1435.3,540.1,37.6
2022,region,Lower Austria,both_formal_informal,1435.3,186.3,24.7
2022,region,Lower Austria,formal_only,1435.3,214.7,28.4
2022,region,Lower Austria,informal_only,1435.3,353.8,46.9
2022,region,Salzburg,any,471.3,253.3,53.8
2022,region,Salzburg,formal,471.3,140.6,29.8
2022,region,Salzburg,informal,471.3,179.6,38.1
2022,region,Salzburg,both_formal_informal,471.3,66.9,26.4
2022,region,Salzburg,formal_only,471.3,73.7,29.1
2022,region,Salzburg,informal_only,471.3,112.7,44.5
2022,region,Styria,any,1065.4,519.3,48.7
2022,region,Styria,formal,1065.4,271.5,25.5
2022,region,Styria,informal,1065.4,381.0,35.8
2022,region,Styria,both_formal_informal,1065.4,133.2,25.6
2022,region,Styria,formal_only,1065.4,138.3,26.6
2022,region,Styria,informal_only,1065.4,247.9,47.7
2022,region,Tyrol,any,641.4,349.8,54.5
2022,region,Tyrol,formal,641.4,212.8,33.2
2022,region,Tyrol,informal,641.4,255.2,39.8
2022,region,Tyrol,both_formal_informal,641.4,118.2,33.8
2022,region,Tyrol,formal_only,641.4,94.6,27.0
2022,region,Tyrol,informal_only,641.4,136.9,39.2
2022,region,Upper Austria,any,1256.5,641.6,51.1
2022,region,Upper Austria,formal,1256.5,389.7,31.0
2022,region,Upper Austria,informal,1256.5,461.7,36.7
2022,region,Upper Austria,both_formal_informal,1256.5,209.8,32.7
2022,region,Upper Austria,formal_only,1256.5,179.9,28.0
2022,region,Upper Austria,informal_only,1256.5,251.9,39.3
2022,region,Vienna,any,1615.4,672.7,41.6
2022,region,Vienna,formal,1615.4,253.2,15.7
2022,region,Vienna,informal,1615.4,559.0,34.6
2022,region,Vienna,both_formal_informal,1615.4,139.6,20.7
2022,region,Vienna,formal_only,1615.4,113.7,16.9
2022,region,Vienna,informal_only,1615.4,419.5,62.4
2022,region,Vorarlberg,any,333.1,176.8,53.1
2022,region,Vorarlberg,formal,333.1,98.8,29.7
2022,region,Vorarlberg,informal,333.1,124.6,37.4
2022,region,Vorarlberg,both_formal_informal,333.1,46.6,26.3
2022,region,Vorarlberg,formal_only,333.1,52.2,29.5
2022,region,Vorarlberg,informal_only,333.1,78.0,44.1
2022,municipality size classes,<= 10 000 inhabitants,any,2266.9,1187.8,52.4
2022,municipality size classes,<= 10 000 inhabitants,formal,2266.9,645.6,28.5
2022,municipality size classes,<= 10 000 inhabitants,informal,2266.9,861.5,38.0
2022,municipality size classes,<= 10 000 inhabitants,both_formal_informal,2266.9,319.3,26.9
2022,municipality size classes,<= 10 000 inhabitants,formal_only,2266.9,326.3,27.5
2022,municipality size classes,<= 10 000 inhabitants,informal_only,2266.9,542.2,45.6
2022,municipality size classes,<= 100 000 inhabitants,any,1272.2,622.8,49.0
2022,municipality size classes,<= 100 000 inhabitants,formal,1272.2,293.5,23.1
2022,municipality size classes,<= 100 000 inhabitants,informal,1272.2,466.5,36.7
2022,municipality size classes,<= 100 000 inhabitants,both_formal_informal,1272.2,137.3,22.0
2022,municipality size classes,<= 100 000 inhabitants,formal_only,1272.2,156.2,25.1
2022,municipality size classes,<= 100 000 inhabitants,informal_only,1272.2,329.3,52.9
2022,municipality size classes,<= 2 500 inhabitants,any,1628.8,867.5,53.3
2022,municipality size classes,<= 2 500 inhabitants,formal,1628.8,575.0,35.3
2022,municipality size classes,<= 2 500 inhabitants,informal,1628.8,590.6,36.3
2022,municipality size classes,<= 2 500 inhabitants,both_formal_informal,1628.8,298.1,34.4
2022,municipality size classes,<= 2 500 inhabitants,formal_only,1628.8,276.9,31.9
2022,municipality size classes,<= 2 500 inhabitants,informal_only,1628.8,292.5,33.7
2022,municipality size classes,> 100 000 inhabitants,any,2387.2,1050.3,44.0
2022,municipality size classes,> 100 000 inhabitants,formal,2387.2,433.8,18.2
2022,municipality size classes,> 100 000 inhabitants,informal,2387.2,854.0,35.8
2022,municipality size classes,> 100 000 inhabitants,both_formal_informal,2387.2,237.4,22.6
2022,municipality size classes,> 100 000 inhabitants,formal_only,2387.2,196.3,18.7
2022,municipality size classes,> 100 000 inhabitants,informal_only,2387.2,616.6,58.7
2022,household size,1 Person,any,1501.2,682.1,45.4
2022,household size,1 Person,formal,1501.2,315.6,21.0
2022,household size,1 Person,informal,1501.2,544.9,36.3
2022,household size,1 Person,both_formal_informal,1501.2,178.4,26.2
2022,household size,1 Person,formal_only,1501.2,137.1,20.1
2022,household size,1 Person,informal_only,1501.2,366.5,53.7
2022,household size,2 Personen,any,2675.2,1298.6,48.5
2022,household size,2 Personen,formal,2675.2,622.9,23.3
2022,household size,2 Personen,informal,2675.2,995.8,37.2
2022,household size,2 Personen,both_formal_informal,2675.2,320.1,24.6
2022,household size,2 Personen,formal_only,2675.2,302.8,23.3
2022,household size,2 Personen,informal_only,2675.2,675.7,52.0
2022,household size,3 Personen,any,1400.8,720.6,51.4
2022,household size,3 Personen,formal,1400.8,360.7,25.8
2022,household size,3 Personen,informal,1400.8,546.4,39.0
2022,household size,3 Personen,both_formal_informal,1400.8,186.6,25.9
2022,household size,3 Personen,formal_only,1400.8,174.1,24.2
2022,household size,3 Personen,informal_only,1400.8,359.9,49.9
2022,household size,4 or more persons,any,1977.8,1027.2,51.9
2022,household size,4 or more persons,formal,1977.8,648.7,32.8
2022,household size,4 or more persons,informal,1977.8,685.5,34.7
2022,household size,4 or more persons,both_formal_informal,1977.8,307.0,29.9
2022,household size,4 or more persons,formal_only,1977.8,341.7,33.3
2022,household size,4 or more persons,informal_only,1977.8,378.5,36.8
2022,single-person households,men,any,695.1,341.6,49.1
2022,single-person households,men,formal,695.1,173.8,25.0
2022,single-person households,men,informal,695.1,268.6,38.6
2022,single-person households,men,both_formal_informal,695.1,100.9,29.5
2022,single-person households,men,formal_only,695.1,73.0,21.4
2022,single-person households,men,informal_only,695.1,167.8,49.1
2022,single-person households,total,any,1501.2,682.1,45.4
2022,single-person households,total,formal,1501.2,315.6,21.0
2022,single-person households,total,informal,1501.2,544.9,36.3
2022,single-person households,total,both_formal_informal,1501.2,178.4,26.2
2022,single-person households,total,formal_only,1501.2,137.1,20.1
2022,single-person households,total,informal_only,1501.2,366.5,53.7
2022,single-person households,women,any,806.0,340.5,42.2
2022,single-person households,women,formal,806.0,141.8,17.6
2022,single-person households,women,informal,806.0,276.3,34.3
2022,single-person households,women,both_formal_informal,806.0,77.6,22.8
2022,single-person households,women,formal_only,806.0,64.2,18.9
2022,single-person households,women,informal_only,806.0,198.7,58.4
2022,multi-person households,no kids,any,4129.9,2070.1,50.1
2022,multi-person households,no kids,formal,4129.9,1104.4,26.7
2022,multi-person households,no kids,informal,4129.9,1518.6,36.8
2022,multi-person households,no kids,both_formal_informal,4129.9,552.9,26.7
2022,multi-person households,no kids,formal_only,4129.9,551.5,26.6
2022,multi-person households,no kids,informal_only,4129.9,965.7,46.6
2022,multi-person households,total,any,6053.9,3046.4,50.3
2022,multi-person households,total,formal,6053.9,1632.4,27.0
2022,multi-person households,total,informal,6053.9,2227.7,36.8
2022,multi-person households,total,both_formal_informal,6053.9,813.7,26.7
2022,multi-person households,total,formal_only,6053.9,818.7,26.9
2022,multi-person households,total,informal_only,6053.9,1414.0,46.4
2022,multi-person households,with 1 kid,any,981.9,502.2,51.1
2022,multi-person households,with 1 kid,formal,981.9,256.5,26.1
2022,multi-person households,with 1 kid,informal,981.9,381.1,38.8
2022,multi-person households,with 1 kid,both_formal_informal,981.9,135.4,27.0
2022,multi-person households,with 1 kid,formal_only,981.9,121.1,24.1
2022,multi-person households,with 1 kid,informal_only,981.9,245.7,48.9
2022,multi-person households,with 2 or more kids,any,942.0,474.1,50.3
2022,multi-person households,with 2 or more kids,formal,942.0,271.5,28.8
2022,multi-person households,with 2 or more kids,informal,942.0,328.0,34.8
2022,multi-person households,with 2 or more kids,both_formal_informal,942.0,125.3,26.4
2022,multi-person households,with 2 or more kids,formal_only,942.0,146.2,30.8
2022,multi-person households,with 2 or more kids,informal_only,942.0,202.7,42.7
2022,multi-person households,with kids,any,1924.0,976.3,50.7
2022,multi-person households,with kids,formal,1924.0,528.0,27.4
2022,multi-person households,with kids,informal,1924.0,709.1,36.9
2022,multi-person households,with kids,both_formal_informal,1924.0,260.7,26.7
2022,multi-person households,with kids,formal_only,1924.0,267.2,27.4
2022,multi-person households,with kids,informal_only,1924.0,448.3,45.9
2025,total,total,any,7732.8,3725.6,48.2
2025,total,total,formal,7732.8,1861.4,24.1
2025,total,total,informal,7732.8,2993.7,38.7
2025,total,total,both_formal_informal,7732.8,1129.5,30.3
2025,total,total,formal_only,7732.8,731.9,19.6
2025,total,total,informal_only,7732.8,1864.2,50.0
2025,gender,men,any,3785.4,1918.7,50.7
2025,gender,men,formal,3785.4,1066.8,28.2
2025,gender,men,informal,3785.4,1486.5,39.3
2025,gender,men,both_formal_informal,3785.4,634.6,33.1
2025,gender,men,formal_only,3785.4,432.2,22.5
2025,gender,men,informal_only,3785.4,851.9,44.4
2025,gender,women,any,3947.5,1806.8,45.8
2025,gender,women,formal,3947.5,794.6,20.1
2025,gender,women,informal,3947.5,1507.2,38.2
2025,gender,women,both_formal_informal,3947.5,494.9,27.4
2025,gender,women,formal_only,3947.5,299.7,16.6
2025,gender,women,informal_only,3947.5,1012.3,56.0
2025,age,30–39,any,1280.4,651.0,50.8
2025,age,30–39,formal,1280.4,324.6,25.4
2025,age,30–39,informal,1280.4,542.3,42.4
2025,age,30–39,both_formal_informal,1280.4,215.9,33.2
2025,age,30–39,formal_only,1280.4,108.7,16.7
2025,age,30–39,informal_only,1280.4,326.5,50.1
2025,age,40–49,any,1209.7,636.3,52.6
2025,age,40–49,formal,1209.7,328.6,27.2
2025,age,40–49,informal,1209.7,508.0,42.0
2025,age,40–49,both_formal_informal,1209.7,200.3,31.5
2025,age,40–49,formal_only,1209.7,128.3,20.2
2025,age,40–49,informal_only,1209.7,307.7,48.4
2025,age,50–59,any,1305.9,693.5,53.1
2025,age,50–59,formal,1305.9,348.9,26.7
2025,age,50–59,informal,1305.9,561.7,43.0
2025,age,50–59,both_formal_informal,1305.9,217.1,31.3
2025,age,50–59,formal_only,1305.9,131.8,19.0
2025,age,50–59,informal_only,1305.9,344.6,49.7
2025,age,60–69,any,1225.8,586.2,47.8
2025,age,60–69,formal,1225.8,276.9,22.6
2025,age,60–69,informal,1225.8,483.4,39.4
2025,age,60–69,both_formal_informal,1225.8,174.1,29.7
2025,age,60–69,formal_only,1225.8,102.8,17.5
2025,age,60–69,informal_only,1225.8,309.3,52.8
2025,age,70–79,any,755.1,301.9,40.0
2025,age,70–79,formal,755.1,164.0,21.7
2025,age,70–79,informal,755.1,231.0,30.6
2025,age,70–79,both_formal_informal,755.1,93.1,30.8
2025,age,70–79,formal_only,755.1,70.9,23.5
2025,age,70–79,informal_only,755.1,137.9,45.7
2025,age,>80,any,492.3,119.3,24.2
2025,age,>80,formal,492.3,51.8,10.5
2025,age,>80,informal,492.3,85.2,17.3
2025,age,>80,both_formal_informal,492.3,17.8,14.9
2025,age,>80,formal_only,492.3,34.0,28.5
2025,age,>80,informal_only,492.3,67.5,56.6
2025,age,<30,any,1463.8,737.3,50.4
2025,age,<30,formal,1463.8,366.6,25.0
2025,age,<30,informal,1463.8,581.9,39.8
2025,age,<30,both_formal_informal,1463.8,211.2,28.6
2025,age,<30,formal_only,1463.8,155.4,21.1
2025,age,<30,informal_only,1463.8,370.7,50.3
2025,education,(max.) Compulsory education,any,1566.8,490.4,31.3
2025,education,(max.) Compulsory education,formal,1566.8,183.0,11.7
2025,education,(max.) Compulsory education,informal,1566.8,404.4,25.8
2025,education,(max.) Compulsory education,both_formal_informal,1566.8,97.1,19.8
2025,education,(max.) Compulsory education,formal_only,1566.8,85.9,17.5
2025,education,(max.) Compulsory education,informal_only,1566.8,307.4,62.7
2025,education,matura,any,1330.1,748.8,56.3
2025,education,matura,formal,1330.1,386.7,29.1
2025,education,matura,informal,1330.1,605.4,45.5
2025,education,matura,both_formal_informal,1330.1,243.3,32.5
2025,education,matura,formal_only,1330.1,143.4,19.1
2025,education,matura,informal_only,1330.1,362.1,48.4
2025,education,"teaching, BMS",any,3419.5,1584.5,46.3
2025,education,"teaching, BMS",formal,3419.5,781.0,22.8
2025,education,"teaching, BMS",informal,3419.5,1256.0,36.7
2025,education,"teaching, BMS",both_formal_informal,3419.5,452.5,28.6
2025,education,"teaching, BMS",formal_only,3419.5,328.5,20.7
2025,education,"teaching, BMS",informal_only,3419.5,803.5,50.7
2025,education,university,any,1416.4,901.9,63.7
2025,education,university,formal,1416.4,510.7,36.1
2025,education,university,informal,1416.4,727.9,51.4
2025,education,university,both_formal_informal,1416.4,336.6,37.3
2025,education,university,formal_only,1416.4,174.1,19.3
2025,education,university,informal_only,1416.4,391.3,43.4
2025,citizenship,Austria,any,6242.8,3225.1,51.7
2025,citizenship,Austria,formal,6242.8,1667.9,26.7
2025,citizenship,Austria,informal,6242.8,2572.3,41.2
2025,citizenship,Austria,both_formal_informal,6242.8,1015.1,31.5
2025,citizenship,Austria,formal_only,6242.8,652.8,20.2
2025,citizenship,Austria,informal_only,6242.8,1557.2,48.3
2025,citizenship,not Austria,any,1490.0,500.4,33.6
2025,citizenship,not Austria,formal,1490.0,193.5,13.0
2025,citizenship,not Austria,informal,1490.0,421.4,28.3
2025,citizenship,not Austria,both_formal_informal,1490.0,114.4,22.9
2025,citizenship,not Austria,formal_only,1490.0,79.1,15.8
2025,citizenship,not Austria,informal_only,1490.0,307.0,61.3
2025,birth_country,Austria,any,5860.3,3075.4,52.5
2025,birth_country,Austria,formal,5860.3,1602.7,27.3
2025,birth_country,Austria,informal,5860.3,2440.2,41.6
2025,birth_country,Austria,both_formal_informal,5860.3,967.6,31.5
2025,birth_country,Austria,formal_only,5860.3,635.2,20.7
2025,birth_country,Austria,informal_only,5860.3,1472.7,47.9
2025,birth_country,not Austria,any,1872.5,650.1,34.7
2025,birth_country,not Austria,formal,1872.5,258.6,13.8
2025,birth_country,not Austria,informal,1872.5,553.4,29.6
2025,birth_country,not Austria,both_formal_informal,1872.5,161.9,24.9
2025,birth_country,not Austria,formal_only,1872.5,96.7,14.9
2025,birth_country,not Austria,informal_only,1872.5,391.5,60.2
2025,migration,1. Generation,any,1771.0,601.3,34.0
2025,migration,1. Generation,formal,1771.0,231.5,13.1
2025,migration,1. Generation,informal,1771.0,517.1,29.2
2025,migration,1. Generation,both_formal_informal,1771.0,147.3,24.5
2025,migration,1. Generation,formal_only,1771.0,84.2,14.0
2025,migration,1. Generation,informal_only,1771.0,369.8,61.5
2025,migration,2. Generation,any,362.5,135.5,37.4
2025,migration,2. Generation,formal,362.5,37.8,10.4
2025,migration,2. Generation,informal,362.5,124.3,34.3
2025,migration,2. Generation,both_formal_informal,362.5,26.6,19.7
2025,migration,2. Generation,formal_only,362.5,11.2,8.2
2025,migration,2. Generation,informal_only,362.5,97.7,72.1
2025,migration,no migration background,any,5599.3,2988.8,53.4
2025,migration,no migration background,formal,5599.3,1592.1,28.4
2025,migration,no migration background,informal,5599.3,2352.3,42.0
2025,migration,no migration background,both_formal_informal,5599.3,955.6,32.0
2025,migration,no migration background,formal_only,5599.3,636.6,21.3
2025,migration,no migration background,informal_only,5599.3,1396.7,46.7
2025,employment,employed,any,4035.3,2186.0,54.2
2025,employment,employed,formal,4035.3,1131.9,28.0
2025,employment,employed,informal,4035.3,1758.1,43.6
2025,employment,employed,both_formal_informal,4035.3,704.0,32.2
2025,employment,employed,formal_only,4035.3,427.9,19.6
2025,employment,employed,informal_only,4035.3,1054.1,48.2
2025,employment,household leader,any,332.6,148.8,44.7
2025,employment,household leader,formal,332.6,67.2,20.2
2025,employment,household leader,informal,332.6,130.4,39.2
2025,employment,household leader,both_formal_informal,332.6,48.8,32.8
2025,employment,household leader,formal_only,332.6,18.3,12.3
2025,employment,household leader,informal_only,332.6,81.6,54.9
2025,employment,in training,any,590.1,300.2,50.9
2025,employment,in training,formal,590.1,164.7,27.9
2025,employment,in training,informal,590.1,220.4,37.4
2025,employment,in training,both_formal_informal,590.1,85.0,28.3
2025,employment,in training,formal_only,590.1,79.8,26.6
2025,employment,in training,informal_only,590.1,135.5,45.1
2025,employment,miscellaneous,any,252.0,95.5,37.9
2025,employment,miscellaneous,formal,252.0,45.2,18.0
2025,employment,miscellaneous,informal,252.0,80.8,32.0
2025,employment,miscellaneous,both_formal_informal,252.0,30.5,32.0
2025,employment,miscellaneous,formal_only,252.0,14.7,15.4
2025,employment,miscellaneous,informal_only,252.0,50.2,52.6
2025,employment,retired,any,2159.8,851.5,39.4
2025,employment,retired,formal,2159.8,411.9,19.1
2025,employment,retired,informal,2159.8,677.2,31.4
2025,employment,retired,both_formal_informal,2159.8,237.6,27.9
2025,employment,retired,formal_only,2159.8,174.3,20.5
2025,employment,retired,informal_only,2159.8,439.6,51.6
2025,employment,unemployed,any,362.9,143.6,39.6
2025,employment,unemployed,formal,362.9,40.4,11.1
2025,employment,unemployed,informal,362.9,126.7,34.9
2025,employment,unemployed,both_formal_informal,362.9,23.6,16.4
2025,employment,unemployed,formal_only,362.9,16.8,11.7
2025,employment,unemployed,informal_only,362.9,103.2,71.9
2025,occupation,auxiliary work,any,245.8,74.0,30.1
2025,occupation,auxiliary work,formal,245.8,18.9,7.7
2025,occupation,auxiliary work,informal,245.8,67.8,27.6
2025,occupation,auxiliary work,both_formal_informal,245.8,12.7,17.2
2025,occupation,auxiliary work,formal_only,245.8,6.2,8.3
2025,occupation,auxiliary work,informal_only,245.8,55.1,74.5
2025,occupation,higher job,any,752.4,444.8,59.1
2025,occupation,higher job,formal,752.4,229.4,30.5
2025,occupation,higher job,informal,752.4,362.3,48.2
2025,occupation,higher job,both_formal_informal,752.4,147.0,33.0
2025,occupation,higher job,formal_only,752.4,82.5,18.5
2025,occupation,higher job,informal_only,752.4,215.3,48.4
2025,occupation,highly qualified job,any,1158.0,770.6,66.5
2025,occupation,highly qualified job,formal,1158.0,449.2,38.8
2025,occupation,highly qualified job,informal,1158.0,617.3,53.3
2025,occupation,highly qualified job,both_formal_informal,1158.0,295.8,38.4
2025,occupation,highly qualified job,formal_only,1158.0,153.4,19.9
2025,occupation,highly qualified job,informal_only,1158.0,321.5,41.7
2025,occupation,middle job,any,1786.5,866.2,48.5
2025,occupation,middle job,formal,1786.5,414.5,23.2
2025,occupation,middle job,informal,1786.5,685.6,38.4
2025,occupation,middle job,both_formal_informal,1786.5,233.9,27.0
2025,occupation,middle job,formal_only,1786.5,180.6,20.8
2025,occupation,middle job,informal_only,1786.5,451.7,52.1
2025,region,Burgenland,any,258.6,125.6,48.6
2025,region,Burgenland,formal,258.6,71.8,27.8
2025,region,Burgenland,informal,258.6,101.4,39.2
2025,region,Burgenland,both_formal_informal,258.6,47.6,37.9
2025,region,Burgenland,formal_only,258.6,24.2,19.3
2025,region,Burgenland,informal_only,258.6,53.8,42.8
2025,region,Carinthia,any,486.3,210.4,43.3
2025,region,Carinthia,formal,486.3,105.8,21.8
2025,region,Carinthia,informal,486.3,167.1,34.4
2025,region,Carinthia,both_formal_informal,486.3,62.5,29.7
2025,region,Carinthia,formal_only,486.3,43.3,20.6
2025,region,Carinthia,informal_only,486.3,104.6,49.7
2025,region,Lower Austria,any,1458.8,752.8,51.6
2025,region,Lower Austria,formal,1458.8,366.3,25.1
2025,region,Lower Austria,informal,1458.8,605.1,41.5
2025,region,Lower Austria,both_formal_informal,1458.8,218.6,29.0
2025,region,Lower Austria,formal_only,1458.8,147.7,19.6
2025,region,Lower Austria,informal_only,1458.8,386.5,51.3
2025,region,Salzburg,any,480.1,206.1,42.9
2025,region,Salzburg,formal,480.1,102.0,21.2
2025,region,Salzburg,informal,480.1,159.6,33.2
2025,region,Salzburg,both_formal_informal,480.1,55.5,26.9
2025,region,Salzburg,formal_only,480.1,46.5,22.6
2025,region,Salzburg,informal_only,480.1,104.2,50.5
2025,region,Styria,any,1078.9,536.8,49.8
2025,region,Styria,formal,1078.9,303.2,28.1
2025,region,Styria,informal,1078.9,425.7,39.5
2025,region,Styria,both_formal_informal,1078.9,192.1,35.8
2025,region,Styria,formal_only,1078.9,111.1,20.7
2025,region,Styria,informal_only,1078.9,233.6,43.5
2025,region,Tyrol,any,653.6,331.3,50.7
2025,region,Tyrol,formal,653.6,180.8,27.7
2025,region,Tyrol,informal,653.6,256.3,39.2
2025,region,Tyrol,both_formal_informal,653.6,105.8,31.9
2025,region,Tyrol,formal_only,653.6,75.0,22.6
2025,region,Tyrol,informal_only,653.6,150.5,45.4
2025,region,Upper Austria,any,1281.0,669.5,52.3
2025,region,Upper Austria,formal,1281.0,345.2,26.9
2025,region,Upper Austria,informal,1281.0,526.1,41.1
2025,region,Upper Austria,both_formal_informal,1281.0,201.8,30.1
2025,region,Upper Austria,formal_only,1281.0,143.4,21.4
2025,region,Upper Austria,informal_only,1281.0,324.3,48.4
2025,region,Vienna,any,1693.4,717.9,42.4
2025,region,Vienna,formal,1693.4,283.8,16.8
2025,region,Vienna,informal,1693.4,617.4,36.5
2025,region,Vienna,both_formal_informal,1693.4,183.3,25.5
2025,region,Vienna,formal_only,1693.4,100.5,14.0
2025,region,Vienna,informal_only,1693.4,434.1,60.5
2025,region,Vorarlberg,any,342.2,175.1,51.2
2025,region,Vorarlberg,formal,342.2,102.4,29.9
2025,region,Vorarlberg,informal,342.2,134.9,39.4
2025,region,Vorarlberg,both_formal_informal,342.2,62.3,35.6
2025,region,Vorarlberg,formal_only,342.2,40.2,22.9
2025,region,Vorarlberg,informal_only,342.2,72.7,41.5
2025,municipality size classes,<= 10 000 inhabitants,any,2390.8,1224.2,51.2
2025,municipality size classes,<= 10 000 inhabitants,formal,2390.8,657.6,27.5
2025,municipality size classes,<= 10 000 inhabitants,informal,2390.8,958.6,40.1
2025,municipality size classes,<= 10 000 inhabitants,both_formal_informal,2390.8,392.0,32.0
2025,municipality size classes,<= 10 000 inhabitants,formal_only,2390.8,265.6,21.7
2025,municipality size classes,<= 10 000 inhabitants,informal_only,2390.8,566.6,46.3
2025,municipality size classes,<= 100 000 inhabitants,any,1347.6,600.1,44.5
2025,municipality size classes,<= 100 000 inhabitants,formal,1347.6,277.9,20.6
2025,municipality size classes,<= 100 000 inhabitants,informal,1347.6,488.9,36.3
2025,municipality size classes,<= 100 000 inhabitants,both_formal_informal,1347.6,166.7,27.8
2025,municipality size classes,<= 100 000 inhabitants,formal_only,1347.6,111.2,18.5
2025,municipality size classes,<= 100 000 inhabitants,informal_only,1347.6,322.2,53.7
2025,municipality size classes,<= 2 500 inhabitants,any,1540.2,832.1,54.0
2025,municipality size classes,<= 2 500 inhabitants,formal,1540.2,494.4,32.1
2025,municipality size classes,<= 2 500 inhabitants,informal,1540.2,634.4,41.2
2025,municipality size classes,<= 2 500 inhabitants,both_formal_informal,1540.2,296.6,35.6
2025,municipality size classes,<= 2 500 inhabitants,formal_only,1540.2,197.8,23.8
2025,municipality size classes,<= 2 500 inhabitants,informal_only,1540.2,337.7,40.6
2025,municipality size classes,> 100 000 inhabitants,any,2454.2,1069.2,43.6
2025,municipality size classes,> 100 000 inhabitants,formal,2454.2,431.5,17.6
2025,municipality size classes,> 100 000 inhabitants,informal,2454.2,911.8,37.2
2025,municipality size classes,> 100 000 inhabitants,both_formal_informal,2454.2,274.2,25.6
2025,municipality size classes,> 100 000 inhabitants,formal_only,2454.2,157.3,14.7
2025,municipality size classes,> 100 000 inhabitants,informal_only,2454.2,637.6,59.6
2025,household size,1 Person,any,1652.8,756.6,45.8
2025,household size,1 Person,formal,1652.8,345.4,20.9
2025,household size,1 Person,informal,1652.8,617.9,37.4
2025,household size,1 Person,both_formal_informal,1652.8,206.7,27.3
2025,household size,1 Person,formal_only,1652.8,138.8,18.3
2025,household size,1 Person,informal_only,1652.8,411.2,54.3
2025,household size,2 Personen,any,2679.4,1258.9,47.0
2025,household size,2 Personen,formal,2679.4,610.2,22.8
2025,household size,2 Personen,informal,2679.4,1020.7,38.1
2025,household size,2 Personen,both_formal_informal,2679.4,371.9,29.5
2025,household size,2 Personen,formal_only,2679.4,238.3,18.9
2025,household size,2 Personen,informal_only,2679.4,648.7,51.5
2025,household size,3 Personen,any,1407.5,707.9,50.3
2025,household size,3 Personen,formal,1407.5,345.5,24.5
2025,household size,3 Personen,informal,1407.5,581.0,41.3
2025,household size,3 Personen,both_formal_informal,1407.5,218.7,30.9
2025,household size,3 Personen,formal_only,1407.5,126.8,17.9
2025,household size,3 Personen,informal_only,1407.5,362.4,51.2
2025,household size,4 or more persons,any,1993.1,1002.1,50.3
2025,household size,4 or more persons,formal,1993.1,560.2,28.1
2025,household size,4 or more persons,informal,1993.1,774.1,38.8
2025,household size,4 or more persons,both_formal_informal,1993.1,332.2,33.1
2025,household size,4 or more persons,formal_only,1993.1,228.0,22.8
2025,household size,4 or more persons,informal_only,1993.1,441.9,44.1
2025,single-person households,men,any,738.7,367.8,49.8
2025,single-person households,men,formal,738.7,186.9,25.3
2025,single-person households,men,informal,738.7,284.7,38.5
2025,single-person households,men,both_formal_informal,738.7,103.8,28.2
2025,single-person households,men,formal_only,738.7,83.1,22.6
2025,single-person households,men,informal_only,738.7,180.9,49.2
2025,single-person households,total,any,1652.8,756.6,45.8
2025,single-person households,total,formal,1652.8,345.4,20.9
2025,single-person households,total,informal,1652.8,617.9,37.4
2025,single-person households,total,both_formal_informal,1652.8,206.7,27.3
2025,single-person households,total,formal_only,1652.8,138.8,18.3
2025,single-person households,total,informal_only,1652.8,411.2,54.3
2025,single-person households,women,any,914.1,388.8,42.5
2025,single-person households,women,formal,914.1,158.5,17.3
2025,single-person households,women,informal,914.1,333.2,36.5
2025,single-person households,women,both_formal_informal,914.1,102.9,26.5
2025,single-person households,women,formal_only,914.1,55.6,14.3
2025,single-person households,women,informal_only,914.1,230.3,59.2
2025,multi-person households,no kids,any,4262.8,2030.7,47.6
2025,multi-person households,no kids,formal,4262.8,1027.7,24.1
2025,multi-person households,no kids,informal,4262.8,1619.3,38.0
2025,multi-person households,no kids,both_formal_informal,4262.8,616.3,30.3
2025,multi-person households,no kids,formal_only,4262.8,411.4,20.3
2025,multi-person households,no kids,informal_only,4262.8,1003.0,49.4
2025,multi-person households,total,any,6080.1,2968.9,48.8
2025,multi-person households,total,formal,6080.1,1515.9,24.9
2025,multi-person households,total,informal,6080.1,2375.8,39.1
2025,multi-person households,total,both_formal_informal,6080.1,922.8,31.1
2025,multi-person households,total,formal_only,6080.1,593.1,20.0
2025,multi-person households,total,informal_only,6080.1,1453.0,48.9
2025,multi-person households,with kids,any,1817.3,938.2,51.6
2025,multi-person households,with kids,formal,1817.3,488.2,26.9
2025,multi-person households,with kids,informal,1817.3,756.5,41.6
2025,multi-person households,with kids,both_formal_informal,1817.3,306.5,32.7
2025,multi-person households,with kids,formal_only,1817.3,181.7,19.4
2025,multi-person households,with kids,informal_only,1817.3,450.0,48.0
2025,multi-person households,with 1 kid,both_formal_informal,935.2,156.6,31.7
2025,multi-person households,with 1 kid,formal_only,935.2,88.7,17.9
2025,multi-person households,with 1 kid,informal_only,935.2,248.9,50.4
2025,multi-person households,with 2 or more kids,both_formal_informal,1817.3,149.9,33.8
2025,multi-person households,with 2 or more kids,formal_only,1817.3,93.1,21.0
2025,multi-person households,with 2 or more kids,informal_only,1817.3,201.1,45.3
2025,multi-person households,with 1 kid,any,935.2,494.2,52.8
2025,multi-person households,with 1 kid,formal,935.2,245.3,26.2
2025,multi-person households,with 1 kid,informal,935.2,405.5,43.4
2025,multi-person households,with 2 or more kids,any,1817.3,444.1,50.3
2025,multi-person households,with 2 or more kids,formal,1817.3,242.9,27.5
2025,multi-person households,with 2 or more kids,informal,1817.3,351.0,39.8
